product_id,marketplace_id,product_title,title_desc,product_price,list_price,manufacturer,upc,model_name,product_dimensions,product_weight,customer_ratings,average_rating,listing_url,image_url
B0BZTTB4KL,2,NaDale Shaker Bottle for Protein Mixes 12oz/400ml Pre Workout Shaker Bottles with A Small Stainless Blender Ball and Classic Loop Hook BPA Free,Purple,6.99,,NaDale,Shaker Bottle,Shaker Bottle,3.3 x 6.5,3.8 oz,112,4.3 out of 5 stars,https://www.amazon.com/NaDale-Protein-Workout-Bottles-Stainless/dp/B0BZTTB4KL/,https://m.media-amazon.com/images/I/61ssVWhzqGL.jpg
B0BFF5MN6T,2,VOLTRX shaker Bottle,Gallium USB C Rechargeable Electric protein shake Mixer,19.99,25.99,VOLTRX,vt004,,3.54 x 10.24,8.8 oz,"4,558",4.3 out of 5 stars,https://www.amazon.com/VOLTRX-Gallium-Rechargeable-Electric-Replacement/dp/B0BFF5MN6T/,https://m.media-amazon.com/images/I/61xY5x1JAkL.jpg
B09JZSGGMS,2,BlenderBottle Just for Fun Classic V2 Shaker Bottle Perfect for Protein Shakes and Pre Workout,28-Ounce,13.99,,BlenderBottle,C05279,Just for Fun Classic Shaker Bottle,3.81 x 8.94,5.6 oz,"7,294",4.8 out of 5 stars,https://www.amazon.com/BlenderBottle-Classic-Perfect-Protein-28-Ounce/dp/B09JZSGGMS/,https://m.media-amazon.com/images/I/61D7JU3+IIL.jpg
B0B24LLJDB,2,BlenderBottle Classic V2 Shaker Bottle Perfect for Protein Shakes and Pre Workout,28-Ounce (2 Pack),21.98,,BlenderBottle,,,,,194,4.8 out of 5 stars,https://www.amazon.com/BlenderBottle-Classic-Perfect-Protein-28-Ounce/dp/B0B24LLJDB/,https://m.media-amazon.com/images/I/41KOYnwjd4L.jpg
B08BTHXWC5,2,BlenderBottle Marvel Shaker Bottle Pro Series Perfect for Protein Shakes and Pre Workout,28-Ounce,17.99,19.11,BlenderBottle,C04530,Marvel Shaker Bottle Pro Series,4.1 x 8.9,7.4 oz,"8,252",4.9 out of 5 stars,https://www.amazon.com/BlenderBottle-Marvel-Bottle-28-Ounce-Spider-Man/dp/B08BTHXWC5/,https://m.media-amazon.com/images/I/61fncpg6xVL.jpg
B07QP13BJ9,2,VOLTRX Premium Electric Protein Shaker Bottle,Made with Tritan - BPA Free - 24 oz Vortex Portable Mixer Cup/USB Rechargeable Shaker Cups for Protein Shakes,25.98,,Voltrx technology,arb001,Shaker Bottle,3.55 x 9.8,0.37 Kilograms,"21,856",4.3 out of 5 stars,https://www.amazon.com/VOLTRX-Premium-Electric-Protein-Shaker/dp/B07QP13BJ9/,https://m.media-amazon.com/images/I/51Dk3zEQGbL.jpg
B01LX4GS6I,2,BlenderBottle Classic Shaker Bottle Perfect for Protein Shakes and Pre Workout,28-Ounce,10.99,,BlenderBottle,C01628,Classic Shaker Bottle,3.75 x 8.75,5.6 oz,"105,747",4.8 out of 5 stars,https://www.amazon.com/BlenderBottle-Classic-Shaker-Bottle-28-Ounce/dp/B01LX4GS6I/,https://m.media-amazon.com/images/I/71tVcg2mZSL.jpg
B09Y4RYGN3,2,Electric Protein Shaker Bottle,24 oz USB Rechargeable Blender Bottles,24.99,45.99,ZonGym,1,,3 x 3,15.1 oz,"2,860",4.4 out of 5 stars,https://www.amazon.com/Electric-Protein-Rechargeable-Accessories-Portable/dp/B09Y4RYGN3/,https://m.media-amazon.com/images/I/61yZ2EoOj2L.jpg
B0BRPVXTX6,2,EBAT Shaker Bottle in Cute Pink (Lid & Cup) w. Classic Loop Hook,Leak Proof,7.99,,EBAT,MDWBK,MDWBK,3 x 6.5,3.84 oz,543,4.4 out of 5 stars,https://www.amazon.com/EBAT-Measurement-Stainless-Anti-Slip-Dishwasher/dp/B0BRPVXTX6/,https://m.media-amazon.com/images/I/81SjM0QjR0L.jpg
B0BZ8GJN84,2,Electric Protein Shaker Bottle - USB Rechargeable Blender Bottles - 24oz Shaker Bottles for Protein Mixes - Blender Bottle - Protein Mixer - Protein Shaker - Shaker - Gadgets for Men - Pink,,14.99,,AQUAFIT,,,1 x 1,14.1 oz,297,4.2 out of 5 stars,https://www.amazon.com/Electric-Protein-Shaker-Bottle-Rechargeable/dp/B0BZ8GJN84/,https://m.media-amazon.com/images/I/81zy+m3Y19L.jpg
B08DV9819H,2,Hydracup [6 Pack] - 28 oz OG Shaker Bottle for Protein Powder Shakes & Mixes,Dual Blender,29.99,39.99,Hydracup,6 Pack V1,6 Pack V1,9 x 4.5,1.8 lbs,"7,306",4.6 out of 5 stars,https://www.amazon.com/HydraCup-Pack-Shaker-Bottle-Protein/dp/B08DV9819H/,https://m.media-amazon.com/images/I/717kS7emGhL.jpg
B09SFVQWDC,2,Protein Shaker Bottle Blender for Shake and Pre Work Out,Best Shaker Cup (BPA free) w. Classic Loop Top & Whisk Ball,7.79,,Cekaso,,Classic Shaker Bottle,2 x 6,3.8 oz,505,4.5 out of 5 stars,https://www.amazon.com/Protein-Blender-Classic-Stainless-Kitchen/dp/B09SFVQWDC/,https://m.media-amazon.com/images/I/51RsdCMk0UL.jpg
B0C1KPK867,2,HELIMIX 2.0 Vortex Blender Shaker Bottle Holds upto 28oz ,No Blending Ball or Whisk,22.95,24.95,Helimix,Helimix Shaker Bottle,,3.9 x 9.3,9.9 oz,"26,141",4.6 out of 5 stars,https://www.amazon.com/HELIMIX-Blending-Portable-Cocktails-Smoothies/dp/B0C1KPK867/,https://m.media-amazon.com/images/I/613sWJLcsKL.jpg
B07GC9S8JM,2,BlenderBottle SportMixer Shaker Bottle Perfect for Protein Shakes and Pre Workout,20-Ounce,13.99,,BlenderBottle,C03246,SportMixer Shaker Bottle,3.15 x 7.5,5.3 oz,"18,631",4.7 out of 5 stars,https://www.amazon.com/BlenderBottle-SportMixer-Tritan-Bottle-20-Ounce/dp/B07GC9S8JM/,https://m.media-amazon.com/images/I/51loe+hOs3L.jpg
B08VR54PF6,2,BlenderBottle Shaker Bottle with Pill Organizer and Storage for Protein Powder,ProStak System,16.23,,BlenderBottle,C04773,Shaker Bottle with Pill Organizer,4.13 x 8.63,8.1 oz,"5,255",4.8 out of 5 stars,https://www.amazon.com/BlenderBottle-Bottle-Organizer-Storage-22-Ounce/dp/B08VR54PF6/,https://m.media-amazon.com/images/I/71HOlt-xN9L.jpg
B078KCYLZF,2,HELIMIX 2.0 Vortex Blender Shaker Bottle Holds upto 28oz ,No Blending Ball or Whisk,21.95,24.95,Helimix,10SMK-BLK,Helimix Shaker Bottle,3.9 x 9.29,10.4 oz,"26,141",4.6 out of 5 stars,https://www.amazon.com/Blending-Portable-Cocktails-Smoothies-Dishwasher/dp/B078KCYLZF/,https://m.media-amazon.com/images/I/61+JCuI0bfL.jpg
B084PVQGH1,2,BlenderBottle Strada Shaker Cup Insulated Stainless Steel Water Bottle with Wire Whisk,24-Ounce,23.97,23.97,BlenderBottle,C03665,Strada Shaker Cup,4.34 x 8.98,13.1 oz,"9,873",4.8 out of 5 stars,https://www.amazon.com/BlenderBottle-Insulated-Bottle-Locking-24-Ounce/dp/B084PVQGH1/,https://m.media-amazon.com/images/I/51kf4qTqUVL.jpg
B0BP8BG459,2,[4 Pack] 28oz Shaker Bottle with Motivational Quotes (Black,White,20.95,,GOMOYO,28-Q-4P,28-Q-4P-1,4 x 9,1.17 lbs,"2,850",4.6 out of 5 stars,https://www.amazon.com/Shaker-Motivational-Protein-Agitators-Dishwasher/dp/B0BP8BG459/,https://m.media-amazon.com/images/I/710APgaNbrL.jpg
B0BL6Z5722,2,SHUNSHI Portable Blender 20 Oz,Personal Size Blender for Shakes and Smoothies with 6 Blades,24.99,35.99,SHUNSHI,,,3.5D x 3.5 x 11,1.7 lbs,"1,817",3.9 out of 5 stars,https://www.amazon.com/Portable-Blender-Personal-Smoothies-Kitchen/dp/B0BL6Z5722/,https://m.media-amazon.com/images/I/61fMUl4DThL.jpg
B0BQQYJPPG,2,Cholas Premium Electric Protein Shaker Bottle,22oz Blender for Mixing Protein,29.98,31.99,Cholas,Black electric shaker bottle,electric shaker bottle,3.7 x 8.62,14.4 oz,494,4.6 out of 5 stars,https://www.amazon.com/Cholas-Electric-Cocktails-Waterproof-Black/dp/B0BQQYJPPG/,https://m.media-amazon.com/images/I/71Vuo-ZKlKL.jpg
B07GF6478C,2,La Reveuse 18 oz BPA Free Portable Sports Bottle Cup with Travel Lid Fits 300w Blender,,12.99,14.99,La Reveuse,1801/1802 CUP,,3.07 x 9.25,4.2 oz,431,4.5 out of 5 stars,https://www.amazon.com/Portable-Sports-Bottle-Reveuse-Blender/dp/B07GF6478C/,https://m.media-amazon.com/images/I/61Nyk+CCYQL.jpg
B09L7WT2TD,2,FANS-ONE Premium Electric Protein Shaker Bottle,24 oz Lockable Blender Bottles,25.99,32.99,FANS-ONE,electric shaker bottle,Electric Blender Bottle,3.82 x 8.98,14.9 oz,"1,143",4.4 out of 5 stars,https://www.amazon.com/FANS-ONE-Electric-Premium-Protein-Blender/dp/B09L7WT2TD/,https://m.media-amazon.com/images/I/51-iMAjbe-L.jpg
B0C4B91597,2,Hydracup [8 Pack] - 28 oz OG Shaker Bottle for Protein Powder Shakes & Mixes,Dual Blender,35.99,,Hydracup,8 Pack Legendary,HydraCup,4 x 8,3.19 lbs,"4,995",4.7 out of 5 stars,https://www.amazon.com/Hydracup-Pack-Shaker-Protein-Blender/dp/B0C4B91597/,https://m.media-amazon.com/images/I/81GFF5wT9YL.jpg
B09ZX8XL5H,2,BlenderBottle Pixar Classic V2 Shaker Bottle Perfect for Protein Shakes and Pre Workout,28-Ounce,17.99,,BlenderBottle,C05487,Classic V2,3.81 x 8.94,5.6 oz,"1,237",4.9 out of 5 stars,https://www.amazon.com/BlenderBottle-Classic-Perfect-Protein-28-Ounce/dp/B09ZX8XL5H/,https://m.media-amazon.com/images/I/719D129OC9L.jpg
B07HCM92SV,2,Promixx Pro Shaker Bottle (iX-R Edition) ,Rechargeable,34.99,49.99,Promixx,BP-WS1D-MHSV,BP-WS1D-MHSV,3.54 x 9.06,12.3 oz,"12,557",4.3 out of 5 stars,https://www.amazon.com/Promixx-iX-R-Rechargeable-Powerful-Supplement/dp/B07HCM92SV/,https://m.media-amazon.com/images/I/71tAAEQjUaL.jpg
B08779X1DL,2,BlenderBottle Classic V2 Shaker Bottle Perfect for Protein Shakes and Pre Workout,20-Ounce,9.99,,BlenderBottle,C03945,Classic V2 Shaker Bottle,3.81 x 6.91,5.3 oz,"2,289",4.7 out of 5 stars,https://www.amazon.com/BlenderBottle-Classic-Perfect-Protein-20-Ounce/dp/B08779X1DL/,https://m.media-amazon.com/images/I/71ljIH4EY5L.jpg
B012T634SM,2,Magic Bullet Blender,Small,38.00,49.99,Magic Bullet,MBR-1101,,6.93D x 13.19 x 10.63,3.27 lbs,"101,194",4.5 out of 5 stars,https://www.amazon.com/Magic-Bullet-Blender-Small-Silver/dp/B012T634SM/,https://m.media-amazon.com/images/I/61w2Tj7r0BL.jpg
B0C4TN77H8,2,Personal Size Blender,Portable Blender,39.98,,PULINGYI,,,4.48D x 4.52 x 11,1.76 lbs,2,4.0 out of 5 stars,https://www.amazon.com/Personal-Portable-upgraded-Capacity-smoothies/dp/B0C4TN77H8/,https://m.media-amazon.com/images/I/719Rl9W5a1L.jpg
B0BHDGDNMM,2,diliqua -4 PACK- 28 oz Shaker Cups for Protein Mixes,BPA-Free & Dishwasher Safe,22.99,,diliqua,Diliqua,Diliqua,4.3 x 4.3,1.59 lbs,170,4.3 out of 5 stars,https://www.amazon.com/diliqua-Bottles-Protein-BPA-Free-Dishwasher/dp/B0BHDGDNMM/,https://m.media-amazon.com/images/I/71V8xtlsmdL.jpg
B0C3XXVV5L,2,Portable Blender 20 oz,with Travel Lid Corded BPA-Free,27.91,,AXNCVFVR,,,3.7D x 3.7 x 12,1.7 lbs,118,4.3 out of 5 stars,https://www.amazon.com/Portable-BPA-Free-Rechargeable-Personal-Vegetables/dp/B0C3XXVV5L/,https://m.media-amazon.com/images/I/7147XZOSkBL.jpg
B00QNUCV0I,2,Hamilton Beach Portable Blender for Shakes and Smoothies with 14 Oz BPA Free Travel Cup and Lid,Durable Stainless Steel Blades for Powerful Blending Performance,20.85,21.85,Hamilton Beach,51131,,3.9D x 3.9 x 11.9,2 lbs,"103,762",4.2 out of 5 stars,https://www.amazon.com/Hamilton-Beach-51131-Single-Serve-Raspberry/dp/B00QNUCV0I/,https://m.media-amazon.com/images/I/61Mnv3A-TLL.jpg
B0C98W7HZQ,2,HeaDot Electric Protein Shaker Bottle,Blender Bottles for Protein Mixes,25.99,,HeaDot,,,8.82 x 4.02 x 3.98,13.7 oz,168,4.7 out of 5 stars,https://www.amazon.com/HeaDot-Electric-Protein-Blender-Echargeable/dp/B0C98W7HZQ/,https://m.media-amazon.com/images/I/612nbrImZ3L.jpg
B0CJVJW9G9,2,Mc Sachs Shaker Bottle 28 Oz Shaker Bottle Perfect for Protein Shakes,Nutrition,20.00,,Mc Sachs,PB10001,PB10001,4.2 x 8.9,4.2 oz,,,https://www.amazon.com/Mc-Sachs-Nutrition-measurement-Stainless/dp/B0CJVJW9G9/,https://m.media-amazon.com/images/I/41Ru3aB3EQL.jpg
B0C8CR8561,2,13.5oz Portable Blender Smoothies Personal Blender Mini Shakes Juicer Cup for home，office，Outdoors.Multi-purpose USB Rechargeable Blender with Protection Design.(Blue),,17.99,,Iroz,,,4D x 4 x 10,,,,https://www.amazon.com/Portable-Smoothies-home%EF%BC%8Coffice%EF%BC%8COutdoors-Multi-purpose-Rechargeable-Protection/dp/B0C8CR8561/,https://m.media-amazon.com/images/I/71i5ZlW4HgL.jpg
B0CJ7WGRNQ,2,OBERLY Portable Blender for Shakes and Smoothies,Personal Travel Blender for Protein with 4000mAh USB Rechargeable Battery,29.99,,OBERLY,HD-05,,3.4D x 3.4 x 9.6,1.1 lbs,14,5.0 out of 5 stars,https://www.amazon.com/OBERLY-Portable-Smoothies-Personal-Rechargeable/dp/B0CJ7WGRNQ/,https://m.media-amazon.com/images/I/719Peg8ocLL.jpg
B0CBLYYB9T,2,[2-Pack]Leegoal Portable Blender,300w Personal Blender for Shakes and Smoothies 6 Blades Blender Mini Fast Crushed Ice Fresh Juice 6000mah Rechargeable Travel Blender Bravo 20oz（Basic+Travel）,89.99,,Leegoal,,,,,,,https://www.amazon.com/Portable-Personal-Smoothies-Rechargeable-20oz%EF%BC%88Basic/dp/B0CBLYYB9T/,https://m.media-amazon.com/images/I/61A6qXIhu9L.jpg
B0C7KG57SM,2,Portable Blender with USB Rechargeable Mini Fruit Juice Mixer,Mini Personal Blender for Smoothies and Shakes Mini Juicer Cup Travel 380ML,17.99,22.99,Asoway,,,1D x 1 x 1,1.26 oz,962,4.8 out of 5 stars,https://www.amazon.com/Portable-Blender-Rechargeable-Personal-Smoothies/dp/B0C7KG57SM/,https://m.media-amazon.com/images/I/61jyAJw3WCL.jpg
B0CCDML9SG,2,32 Oz Water Bottles with Time Marker Motivational Water Bottle Squeezing Ejection Opening Bpa Free Travel Water Bottle for Sports & Outdoors Travel Water Bottle Cute Stuff Summer Essentials (Blue),,1.99,,kawaii circle and jugs drinking personalized plastic blender,handle large for miniature filtered,Water bottles cirkul bottle with straw kids 64 oz time marker sports travel 32 cute big reusable iron flask pink gym,3.1 x 11,7 oz,,,https://www.amazon.com/Motivational-Squeezing-Ejection-Outdoors-Essentials/dp/B0CCDML9SG/,https://m.media-amazon.com/images/I/61CuriODTTL.jpg
B0BQ7MDRYQ,2,600ML Shaker Bottle Leak-Proof Screw-on Lid Drinkware Plastic Protein Shakes Water Bottle Leak Proof Protein Shaker Cup,Perfect for Protein Shake Pre Workout (Clear),8.99,,Fengshunte,XAX-SK001,Shaker Bottle,3.74 x 8.46,4.8 oz,13,4.5 out of 5 stars,https://www.amazon.com/Leak-Proof-Drinkware-Plastic-Protein-Perfect/dp/B0BQ7MDRYQ/,https://m.media-amazon.com/images/I/11DbBqUg3VL.jpg
B0C84XLRSB,2,2 Packs Stackable Water Bottle Organizer for Cabinet. Water Bottle Holder Rack for Kitchen Fridge and Pantry Organizer Storage,For Tumbler Travel Cup,15.99,,Wisdom Star,,,12.12D x 8.58 x 6.49,1.46 lbs,,,https://www.amazon.com/Stackable-Organizer-Cabinet-Kitchen-Storage/dp/B0C84XLRSB/,https://m.media-amazon.com/images/I/71tPHkNpl5L.jpg
B0BZTWLQR9,2,Small blender for shakes and smoothies with Mini Portable Blender Cup and Travel Lid,BPA-Free Personal Blender with Durable 6 Stainless Steel Blades,19.99,19.99,CulaGyfa,Concon Ai,,3.9D x 3.9 x 10.7,1.2 lbs,53,4.0 out of 5 stars,https://www.amazon.com/smoothies-Portable-BPA-Free-Stainless-Rechargeable/dp/B0BZTWLQR9/,https://m.media-amazon.com/images/I/71kxqzyNusL.jpg
B0BYS1SLH2,2,Portable Blender,600ML Personal Blender for Smoothies and Shakes Mini Blender USB Rechargeable,33.99,,MOVAFEE,A9,,10.04D x 4.72 x 7.48,1.74 lbs,146,3.9 out of 5 stars,https://www.amazon.com/Portable-Personal-Smoothies-Rechargeable-Ultra-sharp/dp/B0BYS1SLH2/,https://m.media-amazon.com/images/I/71OTpfjPYzL.jpg
B0C49561C4,2,Neon Kactus Tritan Bottle ,Large Water Bottle with Straw,19.99,,Neon Kactus,B0C496LCBZ,,4 x 11,8.1 oz,18,4.7 out of 5 stars,https://www.amazon.com/Neon-Kactus-Drinking-Leak-Proof-Dishwasher/dp/B0C49561C4/,https://m.media-amazon.com/images/I/51CKRauUzSL.jpg
B0CKCLLWDJ,2,GRIRIW electric mixing cup portable smoothie blender on the go stirrers electric juicer cup hand blender electric blender shaker bottle tornado mix bottle blender shaker USB,,19.90,,GRIRIW,245ABVLUPHP08V3K00D,,2.36D x 3.15 x 9.06,9.1 oz,,,https://www.amazon.com/GRIRIW-electric-portable-smoothie-stirrers/dp/B0CKCLLWDJ/,https://m.media-amazon.com/images/I/41Ufyt-PQ9L.jpg
B0C4BVYBN3,2,Shaker Bottle For Protein shakes ,Pre workout,11.99,,"Sichuan Doyoung Trading Co., Ltd.",C-21,Hand Shaker,3.9 x 8.46,4.8 oz,,,https://www.amazon.com/Protein-workout-Plastic-Blender-Fitness/dp/B0C4BVYBN3/,https://m.media-amazon.com/images/I/51YgZ6GGrjL.jpg
B0BT27Z731,2,CamelBak Podium Chill Insulated Bike Water Bottle - Easy Squeeze Bottle - Fits Most Bike Cages - 21oz,Coastal,14.95,16.00,CamelBak Products,2605301062,Podium Chill,2.87 x 9.37,3.49 oz,78,4.8 out of 5 stars,https://www.amazon.com/CamelBak-Podium-Chill-Insulated-Bottle/dp/B0BT27Z731/,https://m.media-amazon.com/images/I/71AIYJDZ3kL.jpg
B0CJJY885L,2,Portable Blender,Personal Blender for Shakes and Smoothies,Page 1 of 1  ,,,,,3.22 x 3.22 x 9.8,,,,https://www.amazon.com/Portable-Personal-Smoothies-Blenders-Rechargeable/dp/B0CJJY885L/,https://m.media-amazon.com/images/I/713QPEhRMkL.jpg
B0C3MPQYPQ,2,NUZI Glass Water Bottles with Stainless Steel Tea Infuser ,Natural BPA Free Leakproof Reusable Glass Water Bottle with Silicone Sleeve & Bamboo Lid,18.97,20.99,NUZI,NUZI-GlassBottle-Black,Glass Water Bottle,2.55 x 9.8,1.23 lbs,37,4.5 out of 5 stars,https://www.amazon.com/NUZI-Stainless-Leakproof-Protective-Borosilicate/dp/B0C3MPQYPQ/,https://m.media-amazon.com/images/I/61VrORC4p-L.jpg
B0CD7HXHM5,2,HOMEBETTER Portable Blender,USB Rechargeable Blender with 3000mAh Battery and 13.5 Oz Capacity Bottle BPA-Free,22.99,,HOMEBETTER,,,3.35D x 3.35 x 9.05,1.39 lbs,23,4.3 out of 5 stars,https://www.amazon.com/HOMEBETTER-Portable-Rechargeable-Smoothies-Vegetable/dp/B0CD7HXHM5/,https://m.media-amazon.com/images/I/71JiBOETAVL.jpg
B0C5ZZBZGC,2,2 in 1 Portable Blender with Citrus Juicer,Blender for Shakes and Smoothies,21.99,21.99,Kebnor,,,7D x 4 x 8,2 lbs,"4,795",4.8 out of 5 stars,https://www.amazon.com/Portable-Smoothies-Personal-Smoothie-Rechargeable/dp/B0C5ZZBZGC/,https://m.media-amazon.com/images/I/71MB5+PvMiL.jpg
B0C6R38T8Y,2,Uncanny Brands Peanuts Snoopy & Woodstock USB-Rechargeable Portable Blender,,49.99,59.99,Uncanny Brands,RB1-PEA-SN1,,3.15D x 3.15 x 9.76,1.41 lbs,,,https://www.amazon.com/Uncanny-Brands-Woodstock-USB-Rechargeable-Portable/dp/B0C6R38T8Y/,https://m.media-amazon.com/images/I/61S2oAuEENL.jpg
B0BL7MPHDH,2,20 Oz Portable Blender USB Rechargeable,Supkitdin Waterproof Personal Blender for Shakes and Smoothies,27.99,27.99,Supkitdin,A9-1,,3.36D x 3.36 x 11,1.37 lbs,477,3.9 out of 5 stars,https://www.amazon.com/Rechargeable-Supkitdin-Waterproof-Smoothies-Ultra-sharp/dp/B0BL7MPHDH/,https://m.media-amazon.com/images/I/71RdHFSsnHL.jpg
B0C46XGLD9,2,Personal Blender,Portable Blender for Kitchen,44.90,,3RILLIS,,,3.63D x 3.63 x 11.62,2.1 lbs,1,5.0 out of 5 stars,https://www.amazon.com/Versatile-Smoothies-Lifestyle-Precision-315w-White/dp/B0C46XGLD9/,https://m.media-amazon.com/images/I/61GV6r1El+L.jpg
B0CKW2TT56,2,Portable Blender for Shakes and Smoothies,6 Blades Juicer Cup for USB Rechargeable,17.99,,RESSYYT,,,3.2D x 3.2 x 9.8,,,,https://www.amazon.com/Portable-Smoothies-Rechargeable-Personal-Operation/dp/B0CKW2TT56/,https://m.media-amazon.com/images/I/71X882EvB+L.jpg
B0C5HFH5TY,2,Shaker water bottle,protein shaker,12.00,,"Zhejiang Kuangdi Industry & Trade Co., Ltd.",KC-002,Shaker water bottle,2.8 x 8.9,4.5 oz,,,https://www.amazon.com/protein-leak-proof-BPA-free-portable-hydration/dp/B0C5HFH5TY/,https://m.media-amazon.com/images/I/41FVjIv0cDL.jpg
B0C7GVCW7B,2,Portable Blender,Personal Blender for Shakes and Smoothies 20 Oz Blender Bottles with 6 Sharp Blades Hand-held Blender for Kitchen Gym Travel Office,25.99,,7CDXD,,,3D x 2 x 2,1.69 lbs,26,3.9 out of 5 stars,https://www.amazon.com/Portable-Blender-Personal-Smoothies-Hand-held/dp/B0C7GVCW7B/,https://m.media-amazon.com/images/I/71NNV1YXhmL.jpg
B0CGRFD1WV,2,Portable Blender,Personal Blender for Shakes & Smoothies,19.00,19.99,RESSYYT,,,3.2D x 3.2 x 9.8,1.06 lbs,,,https://www.amazon.com/Portable-Personal-Smoothies-Blenders-Rechargeable/dp/B0CGRFD1WV/,https://m.media-amazon.com/images/I/81nigbDMnKL.jpg
B0CC38DL1M,2,Beastmode by Beast Health Blender ,Beast Health x Marshawn Lynch,212.00,,BEAST,B12-FG-US-FBA,,4.92D x 4.92 x 15.75,6.73 lbs,2,4.5 out of 5 stars,https://www.amazon.com/Beastmode-Blender-Marshawn-Smoothies-Stainless/dp/B0CC38DL1M/,https://m.media-amazon.com/images/I/510CIICr1HL.jpg
B0BZC1D283,2,Portable Blender,Personal Blender for Shakes and Smoothies,29.99,39.99,Nexbling,,,3D x 3 x 11,1.25 lbs,173,4.1 out of 5 stars,https://www.amazon.com/Portable-Personal-Smoothies-Rechargeable-Blending/dp/B0BZC1D283/,https://m.media-amazon.com/images/I/81d3IFxhpuL.jpg
B0CDLNF7DM,2,Duxano Personal Blender Set for Shakes and Smoothies,Powerful Ice-Crushing Portable Mixer with 40oz. Large Capacity Pitcher,37.99,,DUXANO,,,13D x 11 x 6,5.63 lbs,24,4.4 out of 5 stars,https://www.amazon.com/Personal-Smoothies-Powerful-Ice-Crushing-Portable/dp/B0CDLNF7DM/,https://m.media-amazon.com/images/I/61PIWXgHa5L.jpg
B0C9WTMKRC,2,Portable Blender,sotfkd Personal Size Blender for Shakes and Smoothies with 10 Blades,12.99,,Sotfkd,,,4D x 4.25 x 6.81,15.5 oz,9,2.4 out of 5 stars,https://www.amazon.com/Portable-sotfkd-Personal-Smoothies-Rechargeable/dp/B0C9WTMKRC/,https://m.media-amazon.com/images/I/71T6yuX++VL.jpg
B0C36XMJHH,2,BUDINOQUE Portable Blender,Mini Fruit Juice Mixer,34.95,,BUDINOQUE,233,,3.23D x 3.23 x 8.58,1.23 lbs,,,https://www.amazon.com/BUDINOQUE-Portable-Personal-Rechargeable-Smoothies/dp/B0C36XMJHH/,https://m.media-amazon.com/images/I/317Uit8zMLL.jpg
B0BL3RK5PW,2,Real 900 Watts Smoothie Blender for Shakes and Smoothies with Milk Frother,12 in 1 Set Personal Blender,59.99,,EASCANDY,BM900,,5.5 x 5.5 x 17,5.7 lbs,163,4.3 out of 5 stars,https://www.amazon.com/Smoothie-Smoothies-Personal-Stainless-6-Leaves/dp/B0BL3RK5PW/,https://m.media-amazon.com/images/I/71ZzK21WKiL.jpg
B0CL4BBJLS,2,Protein Shaker Bottle,Workout Blender,8.99,9.99,Bottle-pro,AS-22121001,Gym Shaker Water Bottle,3.74 x 8.5,4.4 oz,,,https://www.amazon.com/Protein-Shaker-Workout-Blender-Perfect/dp/B0CL4BBJLS/,https://m.media-amazon.com/images/I/41szLzqdESL.jpg
B0CCJ4LVLZ,2,MoKo 60oz Portable Blender,Blender For Shakes and Smoothie with 6pcs 3D Blades,49.99,59.99,MoKo,Portable Blender,,5.9D x 5.9 x 12.2,0.05 oz,,,https://www.amazon.com/MoKo-Portable-Blender-Smoothie-Rechargeable/dp/B0CCJ4LVLZ/,https://m.media-amazon.com/images/I/71h1mehfMlL.jpg
B0C12685DK,2,Geniuslix Personal Blender for Smoothies & Shakes - Portable Mini Smoothie Blender with BPA-Free 2 Travel Bottles 20 oz with Lids,2 Speed Manual Control & Pulse Function,39.99,,GENIUSLIX,,,5.1D x 5.1 x 13.2,3.27 lbs,26,4.4 out of 5 stars,https://www.amazon.com/Geniuslix-Personal-Blender-Smoothies-Shakes/dp/B0C12685DK/,https://m.media-amazon.com/images/I/51maLz8eb5L.jpg
B0C13D2GGL,2,Electric Portable Juicer - Rechargeable Travel Juicer Cup Electric Mini Personal Blenders For Smoothies And Shakes Fruit Juice Mixer With 8 Blades For Travel,,32,,Kadlawus,,,4.92D x 4.92 x 8.58,0.705 oz,,,https://www.amazon.com/Electric-Portable-Juicer-Rechargeable-Smoothies/dp/B0C13D2GGL/,https://m.media-amazon.com/images/I/610CR5kQOPL.jpg
B0CCYCCYDT,2,Personal Blender,Portable Blender for Shakes and Smoothies with 6 Blades,28.99,,Asingleer,A9 Portable Blender,,3.9D x 3.98 x 12.83,0.29 oz,"5,464",4.0 out of 5 stars,https://www.amazon.com/Personal-Blender-Portable-Smoothies-Rechargeable/dp/B0CCYCCYDT/,https://m.media-amazon.com/images/I/71GNuttv+4L.jpg
B0CGN1S95B,2,Portable Fruit Juice Blenders Summer Personal Electric Mini Bottle Home USB 6 Blades Juicer Cup Machine For Kitchen (Pink),,9.87,,Generic,,,3D x 1 x 3,,,,https://www.amazon.com/Portable-Blenders-Personal-Electric-Machine/dp/B0CGN1S95B/,https://m.media-amazon.com/images/I/61rgJ9gToLL.jpg
B0BR5ZKK8X,2,300ml Electric Mini Portable Blender,BPA-free bottle for travel,19.99,,Generic,,,3.5D x 3.1 x 7.3,1.01 lbs,1,1.0 out of 5 stars,https://www.amazon.com/Electric-Portable-Blender-BPA-free-bottle/dp/B0BR5ZKK8X/,https://m.media-amazon.com/images/I/61lAji76HXL.jpg
B0C2817S7V,2,OTE Blender Portable Replacement Glass Jar 14oz Personal Juicer juice Cup 400ml Mini High Boron Glass Sport Bottle Container To Go - Compatible OTE Mini Shakes & Smoothies Cream Blend Mixer -Beige,,15.99,,OTE,/,,3.1 x 3.1 x 5.5,12.6 oz,70,4.1 out of 5 stars,https://www.amazon.com/OTE-Portable-Replacement-Personal-Container/dp/B0C2817S7V/,https://m.media-amazon.com/images/I/61O4fz8xt3L.jpg
B0BYJ8GP5H,2,all the way shaker bottle protein mixes durable bpa free hand safe 28 oz large protein shaker bottle shaker cups protein shakes leak proof shaker bottles,,8.88,,all the way,sam 789,Shaker Bottle,3.75 x 3.75,4.2 oz,2,3.9 out of 5 stars,https://www.amazon.com/all-way-protein-durable-bottles/dp/B0BYJ8GP5H/,https://m.media-amazon.com/images/I/61O9aBTihaL.jpg
B0CGHGSY8D,2,Personal Blender,Roter Mond Powerful Smoothie Blender with 2 Portable Bottle 2 Speed Control & Pulse Function 6 Stainless Steel Blades,39.99,,Roter Mond,BL019,,5.9D x 5.9 x 16,3.19 lbs,,,https://www.amazon.com/Personal-Roter-Mond-Powerful-Stainless/dp/B0CGHGSY8D/,https://m.media-amazon.com/images/I/61n2HNxyg3L.jpg
B0BVLMTCKK,2,Portable Blender,Personal Size Blender for Shakes and Smoothies,29.99,,VASETA,A9,,3.74D x 3.74 x 12.2,1.74 lbs,646,3.9 out of 5 stars,https://www.amazon.com/Portable-Personal-Smoothies-Rechargeable-BPA-Free/dp/B0BVLMTCKK/,https://m.media-amazon.com/images/I/81RsC4Ypz2L.jpg
B0CD79H1C4,2,Portable Blender,Portable Blender for Shakes and Smoothies,30.99,35.99,Handupfree,Portable Blender A9,,12.74D x 3.74 x 3.74,1.7 lbs,"2,902",4.6 out of 5 stars,https://www.amazon.com/Portable-Blender-Smoothies-Rechargeable-Personal/dp/B0CD79H1C4/,https://m.media-amazon.com/images/I/714M4m1HlrL.jpg
B0CJMQZ4DG,2,SMEG Retro Personal Blender with 2 Bottles,PBF01WHUS,169.95,,Smeg,PBF01WHUS,,5.5D x 5.5 x 13,,,,https://www.amazon.com/Retro-Personal-Blender-Bottles-PBF01WHUS/dp/B0CJMQZ4DG/,https://m.media-amazon.com/images/I/51rmRZsuo-L.jpg
B0C8HWQWWY,2,Dmyond Portable Blender for Shakes and Smoothies,12 Oz Mini Sandheld Blender with Ultra Sharp 10 Blades,21.99,24.99,Dmyond,,,3.5D x 3.5 x 7.8,1.5 lbs,,,https://www.amazon.com/Dmyond-Portable-Smoothies-Rechargeable-Traveling/dp/B0C8HWQWWY/,https://m.media-amazon.com/images/I/71RVMz1HWsL.jpg
B0CCDG91CS,2,Ganiza Smoothie Blender,Blender for Shakes and Smoothies,49.99,49.99,Ganiza,GB10,,12D x 5.3 x 10,4.55 lbs,148,4.5 out of 5 stars,https://www.amazon.com/Ganiza-Smoothie-Smoothies-15-Piece-Nutritious/dp/B0CCDG91CS/,https://m.media-amazon.com/images/I/81NVY-ImgoL.jpg
B0C9ZPYV3G,2,Portable Blender for Shakes and Smoothies Personal Small Drink Electric Blender Cup USB Rechargeable 380ml(13oz) and 6 Blades Shake Mixer Tarvel Mini Fresh Juice Blender Bottle with a Straw (white),,15.99,19.99,AMHSCOCA,,,3.14D x 3.14 x 9.4,1.06 lbs,4,3.4 out of 5 stars,https://www.amazon.com/Portable-Smoothies-Personal-Electric-Rechargeable/dp/B0C9ZPYV3G/,https://m.media-amazon.com/images/I/61JU-wytPML.jpg
B0C7PJBDKV,2,Personal Size Blender,Portable Blender,33.98,,GSADWLI,,,3.23D x 3.23 x 8.58,1.1 lbs,4,5.0 out of 5 stars,https://www.amazon.com/Personal-Blender-Portable-Battery-Smoothies/dp/B0C7PJBDKV/,https://m.media-amazon.com/images/I/7155ZK23qzL.jpg
B0C23WSGTC,2,Portable Blender,Mini Blender For Shakes and Smoothies,23.99,32.99,Elechelf,JC-07,,3.3D x 3.3 x 9.2,1 lbs,"1,335",4.0 out of 5 stars,https://www.amazon.com/Portable-Smoothies-Personal-Rechargeable-Handheld/dp/B0C23WSGTC/,https://m.media-amazon.com/images/I/71WB00bRSwL.jpg
B0C4NG11CT,2,RESSYYT Portable Blender,Personal Blender for Shakes & Smoothies,19.99,,UVUBXT,,,3.2D x 3.2 x 9.8,1.08 lbs,26,3.5 out of 5 stars,https://www.amazon.com/RESSYYT-Portable-Personal-Smoothies-Rechargeable/dp/B0C4NG11CT/,https://m.media-amazon.com/images/I/81nigbDMnKL.jpg
B0C8JBH16J,2,YIUOKAEI Portable Blender Personal Juicer - USB Rechargeable 4000mAh Large Battery with 6 Blades for Smoothies Shakes Baby Food and Proteins - Kitchen Home Office Gym Sports and Travel (16oz,White),32.99,,YIUOKAEI,,,3.35D x 3.35 x 9.45,1.61 lbs,293,4.6 out of 5 stars,https://www.amazon.com/YIUOKAEI-Portable-Blender-Personal-Juicer/dp/B0C8JBH16J/,https://m.media-amazon.com/images/I/71YXrycJVtL.jpg
B0CH511LH8,2,Portable Blender,Personal Blender for Shakes and Smoothies,16.99,,SARMERGE,,,3.22D x 3.22 x 9.8,,2,1.0 out of 5 stars,https://www.amazon.com/Portable-Personal-Smoothies-Blenders-Rechargeable/dp/B0CH511LH8/,https://m.media-amazon.com/images/I/713QPEhRMkL.jpg
B0CCXMVC6Z,2,Portable Blender,UTEBIT 64 OZ Personal Blender USB Rechargeable,39.99,,UTEBIT,,,5.9D x 5.9 x 15.4,2.46 lbs,6,4.8 out of 5 stars,https://www.amazon.com/Portable-UTEBIT-Personal-Rechargeable-Smoothie/dp/B0CCXMVC6Z/,https://m.media-amazon.com/images/I/71PfF-rANGL.jpg
B0BYDGNVLJ,2,Nuovoware Portable Blender for Shakes and Smoothies,12 PCS Personal Size Blenders with 6-Edge Blade,39.99,59.99,Nuovoware,P723314123165,,6.69D x 4.72 x 6.69,3.97 lbs,589,4.4 out of 5 stars,https://www.amazon.com/Nuovoware-Portable-Smoothies-Personal-Blenders/dp/B0BYDGNVLJ/,https://m.media-amazon.com/images/I/71K5QnDdqNL.jpg
B095V63N1B,2,Blender Bottle x Forza Sports Classic 28 oz. Shaker - Citrus Got Real,,11.50,,Forza Sports,,,9.29 x 3.74 x 3.62,5.4 oz,32,4.7 out of 5 stars,https://www.amazon.com/Blender-Bottle-Forza-Sports-Classic/dp/B095V63N1B/,https://m.media-amazon.com/images/I/51lsy5H2cpL.jpg
B0CBLDC3NC,2,Protein Shaker Bottle Pink 20 Oz ,Pre-workout,14.99,,"Qingdao Pemsheng Trade Co., Ltd.",PMS-220510-W,Plastic Shaker Bottles,3.93 x 5.9,6.3 oz,1,5.0 out of 5 stars,https://www.amazon.com/Pre-workout-Blending-Assistant-BPA-Free-Dishwasher/dp/B0CBLDC3NC/,https://m.media-amazon.com/images/I/81TDCz6LO6L.jpg
B0BS1SFSTK,2,Earthmade Motivation Protein Shaker Bottle Stainless Steel,28 Oz Insulated Shaker Bottles for Protein Mixes Keeps Cold 30 Hrs Leakproof Shaker Cup,23.06,24.99,Earthmade LLC,PARENT-EM-S2201,Motivation Blender Shaker Bottle,3 x 8.25,1.17 lbs,139,3.9 out of 5 stars,https://www.amazon.com/Earthmade-Motivation-Stainless-Insulated-Leakproof/dp/B0BS1SFSTK/,https://m.media-amazon.com/images/I/81UVFmIPeDL.jpg
B087ZYWBCK,2,Joyparts 2PCS Replacement Parts Cups with Lids 20oz Smoothie Bottle ， Compatible with Oster Classic Series Blender,,16.99,,,,,3.5 x 7 x 8.5,8.7 oz,104,3.7 out of 5 stars,https://www.amazon.com/Joyparts-Replacement-Smoothie-Compatible-Classic/dp/B087ZYWBCK/,https://m.media-amazon.com/images/I/51S6u3ayZOL.jpg
B0C49JP9H6,2,Portable Blender,Owaylon Personal Size Blender for Shakes and Smoothies with 6 Ultra Sharp Blades,35.99,,Owaylon,HD-08,,2.8 x 2.8 x 9.65,1 lbs,593,4.5 out of 5 stars,https://www.amazon.com/Portable-Owaylon-Personal-Smoothies-Rechargeable/dp/B0C49JP9H6/,https://m.media-amazon.com/images/I/71xWbWasFEL.jpg
B0CJ5HNH4B,2,Portable Blender,4000mAh Mini Fast Fresh Juice Portable Blender for Shakes and Smoothies with 6 Blades,31.99,,Humutan,A9 Blender,,3.74D x 3.74 x 12.2,1.83 lbs,"25,092",4.8 out of 5 stars,https://www.amazon.com/Portable-Blender-Smoothies-BPA-Free-Rechargeable/dp/B0CJ5HNH4B/,https://m.media-amazon.com/images/I/71zjKMET6bL.jpg
B08H24LTNC,2,Moss & Stone Personal Blender Single Serve Shake & Smoothies Maker with Portable Travel Sport Bottle - Mini Juicer,White & Red Single Serve Blender for Smoothies and Shakes - Bottle 20 oz,24.99,,Moss & Stone,,,4D x 4 x 11,2.62 lbs,"1,045",4.2 out of 5 stars,https://www.amazon.com/Moss-Stone-Personal-Smoothies-Portable/dp/B08H24LTNC/,https://m.media-amazon.com/images/I/81iT76P2WOL.jpg
B08D8CKWH3,2,2-Pack 24oz Ninja Blender Cups with Sip & Seal Lid Blender Replacement Parts Compatible with Nutri Ninja Auto IQ Series Blenders BL450 BL454 BL456 BL480 BL481 BL482 BL490 BL640 BL642 BL682,,17.83,20.99,,,,9.09 x 8.58 x 4.33,1.5 lbs,264,4.5 out of 5 stars,https://www.amazon.com/2-Pack-Blender-Replacement-Compatible-Blenders/dp/B08D8CKWH3/,https://m.media-amazon.com/images/I/71kNPPA+AML.jpg
B09RNBMVBT,2,Contigo Fit Shake & Go 2.0 Shaker Bottle with Leak-Proof Lid,28oz Gym Water Bottle with Whisk and Carabiner Handle,17.99,17.99,Contigo,2169824,Contigo Fit Shake & Go,12.13 x 10.47 x 5.55,1.1 lbs,577,4.6 out of 5 stars,https://www.amazon.com/Contigo-Shake-Shaker-Bottle-2-pack/dp/B09RNBMVBT/,https://m.media-amazon.com/images/I/71rcMtlbCgL.jpg
B0BJQ8T1PG,2,The Vinchu Blender Shaker Bottle - Top Tier Stainless Steel and Triple-Wall Insulation Water Bottle for Cold Protein,Prework-Out and Fitness Shakes (Black),16.89,,Vinchú,B0BJQ8T1PG,Vinchu Stainless Steel Shaker Bottle,3.8 x 9.53,1.08 lbs,131,4.1 out of 5 stars,https://www.amazon.com/Vinchu-Blender-Shaker-Bottle-Triple-Wall/dp/B0BJQ8T1PG/,https://m.media-amazon.com/images/I/71XnNO1U+aL.jpg
B0BDK1VRKQ,2,Protein Shaker Bottle for Protein Mixes,17 OZ,8.90,,"Ningbo Vigor Electric Appliance Co., Ltd",B30-0062,Shaker Bottle,3 x 9.6,7.1 oz,20,3.8 out of 5 stars,https://www.amazon.com/Protein-Tasteless-Material-Blending-Blender/dp/B0BDK1VRKQ/,https://m.media-amazon.com/images/I/61cdvzQQXoL.jpg
B09RQ55JQS,2,Blender Bottle x Forza Sports Classic 28 oz. Shaker - Yoked,,11.50,,Forza Sports,BLBFORZA28OZ,,9.33 x 5.47 x 4.33,5.3 oz,12,5.0 out of 5 stars,https://www.amazon.com/Blender-Bottle-Forza-Sports-Classic/dp/B09RQ55JQS/,https://m.media-amazon.com/images/I/61JEcEnrjTL.jpg
B0BLZVHBPZ,2,Prodigy Nutrition Labs Premium Shaker Bottle Perfect for Protein Shakes and Pre Workout -14 Ounce (White),,6.94,,Prodigy Nutrition Labs,Shaker Bottle,Shaker Bottle,3 x 6.5,3.84 oz,98,4.6 out of 5 stars,https://www.amazon.com/Prodigy-Nutrition-White-Shaker-Bottle/dp/B0BLZVHBPZ/,https://m.media-amazon.com/images/I/61VOaDg+-IL.jpg
B0CCHK7X8G,2,VENJIEN Portable Blender for Shakes and Smoothies,16 Oz Rechargeable USB-C Personal Size Blender with 6 Ultra Sharp Blades,33.99,36.99,VENJIEN,HD-08,,5.12D x 3.55 x 8.58,1.59 lbs,66,4.6 out of 5 stars,https://www.amazon.com/VENJIEN-Portable-Smoothies-Rechargeable-Personal/dp/B0CCHK7X8G/,https://m.media-amazon.com/images/I/710YkomU4iL.jpg
B08BT6XBYC,2,Forza Sports Blender Bottle x Classic 28 oz. Shaker - Sasquats,,11.95,,Forza Sports,BLBFORZA28OZ,,9.57 x 4.02 x 3.9,5.6 oz,118,4.7 out of 5 stars,https://www.amazon.com/Forza-Sports-Blender-Bottle-Classic/dp/B08BT6XBYC/,https://m.media-amazon.com/images/I/51IvmQupvaL.jpg
B0C42BRZFX,2,Hydra Cup - 32oz DualShaker Pro - Shaker Bottle Unlocked,Two Chamber Protein Cup,19.99,,Hydra Cup,DS-PRO,Dual Shaker Pro,9.84 x 5.04 x 5,11.3 oz,35,4.7 out of 5 stars,https://www.amazon.com/Hydra-Cup-DualShaker-Unlocked-Chamber/dp/B0C42BRZFX/,https://m.media-amazon.com/images/I/61Yj2sIkJSL.jpg
B09H2CRPSJ,2,Blender Shaker Bottle w. Classic Loop Top & Stainless Whisk Ball-Perfect for Protein Shakes and Pre Workout (Clear Body-16 Oz,Yellow/Clear),7.55,,Shaker Bottle,,,6.81 x 3.94 x 3.7,3.52 oz,30,4.4 out of 5 stars,https://www.amazon.com/Blender-Shaker-Bottle-Stainless-Ball-Perfect/dp/B09H2CRPSJ/,https://m.media-amazon.com/images/I/31qhsAUff9L.jpg
B09GZQWTZ6,2,BlenderBottle 2 Pack 28 Oz Classic Shaker Bottle with Loop and Shaker Ball in Full Black - Perfect for Protein Shakes and Pre Workout,,24.52,,BlenderBottle,,,10.47 x 7.28 x 3.74,10.8 oz,15,4.6 out of 5 stars,https://www.amazon.com/BlenderBottle-Classic-Shaker-Bottle-Black/dp/B09GZQWTZ6/,https://m.media-amazon.com/images/I/71-obw9py3L.jpg
B0BWKX8RSZ,2,SMEG Retro Personal Blender with 2 Bottles PBF01CRUS,Cream,169.95,169.95,SMEG,PBF01CRUS,,5.5D x 5.5 x 13,4 lbs,25,4.2 out of 5 stars,https://www.amazon.com/Personal-Blender-Bottles-PBF01CRUS-Medium/dp/B0BWKX8RSZ/,https://m.media-amazon.com/images/I/51vT+iD-4sL.jpg
B0CHQBD31N,2,Portable Blender,Personal Blender for Shakes and Smoothies,15.99,,SARMERGE,,,3.22D x 3.22 x 9.8,1.06 lbs,106,4.8 out of 5 stars,https://www.amazon.com/Portable-Personal-Smoothies-Blenders-Rechargeable/dp/B0CHQBD31N/,https://m.media-amazon.com/images/I/71MeCbVpfmL.jpg
B09WK3GQMN,2,Blender Shaker Bottle w. Classic Loop Top & Stainless Whisk Ball-Best Protein Shaker Bottle,Small 16 Oz Shaker Cup,7.55,,Shaker Bottle,,,6.85 x 3.62 x 3.62,3.52 oz,36,4.3 out of 5 stars,https://www.amazon.com/Shaker-Bottle-Stainless-Ball-Best-Smoothies/dp/B09WK3GQMN/,https://m.media-amazon.com/images/I/51IHNw88YzL.jpg
B0C4H9JPLK,2,Portable Blender 20 oz Personal Blender for Shakes and Smoothies,BPA Free USB C Rechargeable Blender Cups with 6 Blades and Travel Lid for Ice and Frozen Drinks,29.99,,Fbemoz,BA9,,3.5D x 3.5 x 11,1.39 lbs,38,4.2 out of 5 stars,https://www.amazon.com/Portable-Blender-Personal-Smoothies-Rechargeable/dp/B0C4H9JPLK/,https://m.media-amazon.com/images/I/81bZgP9DBVL.jpg
B0CG8MMNNB,2,FANS-ONE Electric Protein Shaker Bottle,24oz Blender Bottles for Protein Mixes,26.99,,FANS-ONE,EMC005-CD,Electric Blender Bottle,3.82 x 8.98,14.9 oz,"1,143",4.4 out of 5 stars,https://www.amazon.com/FANS-ONE-Electric-Protein-Blender-Rechargeable/dp/B0CG8MMNNB/,https://m.media-amazon.com/images/I/619kn8RLYCL.jpg
B0C4BJHLLH,2,Portable Blender,Blender for Shakes and Smoothies,27.99,39.99,GPSHLUEP,,,5D x 5 x 5,2.07 lbs,31,4.3 out of 5 stars,https://www.amazon.com/Portable-Smoothies-Rechargeable-Multifunctional-Bottle-Sports/dp/B0C4BJHLLH/,https://m.media-amazon.com/images/I/71836NZ7bNL.jpg
B081BLJ566,2,Amazon Basics Shaker Bottle with Mixer Ball – 20-Ounce,2-Pack,24.07,,Amazon,05162,05162,4.65 x 9.06,12.3 oz,"2,746",4.2 out of 5 stars,https://www.amazon.com/AmazonBasics-Shaker-Bottle-Mixer-Ball/dp/B081BLJ566/,https://m.media-amazon.com/images/I/71y9MeVhb5L.jpg
B0C9DS5NPZ,2,BESNOOW Portable Blender,Personal Blender for Shakes and Smoothies,25.99,49.99,BESNOOW,A8,,12D x 10 x 28,1.43 lbs,365,4.5 out of 5 stars,https://www.amazon.com/BESNOOW-Portable-Personal-Smoothies-Rechargeable/dp/B0C9DS5NPZ/,https://m.media-amazon.com/images/I/71T6CSNVipL.jpg
B0BV19W395,2,Portable Blender,WEEKSUN Mini Blender For Shakes and Smoothies,21.99,,WEEKSUN,,,3D x 3 x 9,1.21 lbs,1,3.0 out of 5 stars,https://www.amazon.com/WEEKSUN-Smoothies-Multifunctional-Bottle-Ideal-Traveling/dp/B0BV19W395/,https://m.media-amazon.com/images/I/81SIw663HwL.jpg
B0CBYXBQNB,2,GYM Protein Shaker Bottles for the Gym With Shake Ball 28oz,Dishwasher Safe Blender Shaker Bottles,9.99,10.99,"Hangzhou Watersy Houseware Products Co.,Ldt",P01-056,Gym Protien Shaker Bottle 28oz,1.5 x 7,4.8 oz,1,5.0 out of 5 stars,https://www.amazon.com/Protein-Bottles-Dishwasher-Blender-Motivated/dp/B0CBYXBQNB/,https://m.media-amazon.com/images/I/41vMtWYRIUL.jpg
B07F9ZTRKQ,2,Blender Bottle x Forza Sports Classic 28 oz. Shaker - Get Whey Sted,,11.95,,Forza Sports,BLBFORZA28OZ,,8.8 x 3.7 x 3.6,1.58 oz,82,4.5 out of 5 stars,https://www.amazon.com/Blender-Bottle-Forza-Sports-Classic/dp/B07F9ZTRKQ/,https://m.media-amazon.com/images/I/61zYo08YtQL.jpg
B0BV2K1RXT,2,Portable Blender for Shakes and smoothies with Scale,4000mAh Personal Electric Blender 15.2 oz,19.99,,DoubleCare,DoubleCare-200419,,2D x 2 x 2,1.37 lbs,280,3.8 out of 5 stars,https://www.amazon.com/Portable-smoothies-Personal-Electric-Rechargeable/dp/B0BV2K1RXT/,https://m.media-amazon.com/images/I/81c6Fbix4NL.jpg
B0C4HGH3P1,2,Portable Blender,Personal Blender -for Shakes and Smoothies,47.55,,OUSMIN,,,3.3D x 3.3 x 12.4,1.25 lbs,128,4.4 out of 5 stars,https://www.amazon.com/Portable-Personal-Smoothies-OUSMIN-Gen-Basic/dp/B0C4HGH3P1/,https://m.media-amazon.com/images/I/71XSJTOaxWL.jpg
B0CK7X1JQ3,2,EBAT Shaker Bottle in Dark Orange(Lid & Body)w. Classic Loop Hook & Leak Proof,Scale of 12 OZ/400 ML,7.99,9.99,EBAT,MDWBG,MDWBG,3 x 6.5,3.2 oz,56,4.0 out of 5 stars,https://www.amazon.com/EBAT-Stainless-Certified-Dishwasher-Color-Style/dp/B0CK7X1JQ3/,https://m.media-amazon.com/images/I/81SA6BHmwxL.jpg
B0BV1G5KM6,2,Portable Blender,WEEKSUN Mini Blender For Shakes and Smoothies,15.39,21.99,WEEKSUN,,,3.2D x 3.2 x 9.5,1.1 lbs,8,4.1 out of 5 stars,https://www.amazon.com/WEEKSUN-Smoothies-Multifunctional-Bottle-Ideal-Traveling/dp/B0BV1G5KM6/,https://m.media-amazon.com/images/I/71+YkhGKqML.jpg
B0C7118F4G,2,Arofeer Cordless Portable Blender Rechargeable with LED Display,800ML(27oz) Personal Blender for Shakes and Smoothies,12.99,15.99,Arofeer,APB099,,4.4D x 4.4 x 7.5,1.57 lbs,47,4.0 out of 5 stars,https://www.amazon.com/Arofeer-Cordless-Rechargeable-Smoothies-Camping-White/dp/B0C7118F4G/,https://m.media-amazon.com/images/I/819i5FWUB6L.jpg
B089ZLQ9JR,2,BlenderBottle Motivational Quote Classic V2 Shaker Bottle Perfect for Protein Shakes and Pre Workout,28-Ounce,12.99,,BlenderBottle,C03882,Motivational Quote Classic V2 Shaker Bottle,3.81 x 8.94,3.52 oz,110,4.5 out of 5 stars,https://www.amazon.com/BlenderBottle-Motivational-Classic-Perfect-28-Ounce/dp/B089ZLQ9JR/,https://m.media-amazon.com/images/I/71hdBuWT0wL.jpg
B0BRRXTSW8,2,Portable Blender (Black) ,600ML Electric Rechargeable USB Type-C Portable Blender,21.99,23.99,Generic,,,3.74D x 3.74 x 12.2,1.79 lbs,16,3.5 out of 5 stars,https://www.amazon.com/Portable-Electric-Rechargeable-Waterproof-Smoothies/dp/B0BRRXTSW8/,https://m.media-amazon.com/images/I/61zW3lqATcL.jpg
B0C61MVRKS,2,MYSHAKER Electric Shaker Bottle,USB Rechargeable Protein Shaker,19.99,,xinyuetang,shaker bottle01,Shaker bottle,3.5 x 9.6,14.1 oz,31,3.9 out of 5 stars,https://www.amazon.com/MYSHAKER-Electric-Rechargeable-High-torque-Sportsmen/dp/B0C61MVRKS/,https://m.media-amazon.com/images/I/61MsL8vJqmL.jpg
B085732CK2,2,Anbige 2 pieces Oster Blender Replacement Parts Cups 20oz Smoothie Bottle Accessory Compatible with Oster Classic Series Blender,,17.99,,Anbige,,,3.5 x 7 x 8.5,8.1 oz,455,4.1 out of 5 stars,https://www.amazon.com/Anbige-Replacement-Smoothie-Accessory-Compatible/dp/B085732CK2/,https://m.media-amazon.com/images/I/415DaGk+apL.jpg
B08Q1L86NF,2,Blender Bottle x Forza Sports Classic 28 oz. Shaker - Dino Sore - Green,,11.95,,Forza Sports,BLBFORZA28OZ,,8.66 x 4.57 x 4.21,4.6 oz,157,4.8 out of 5 stars,https://www.amazon.com/Blender-Bottle-Forza-Sports-Classic/dp/B08Q1L86NF/,https://m.media-amazon.com/images/I/71AjrSnKE+L.jpg
B0CH78WKJN,2,b:hip bHIP GLOBAL I-Pink & NONI GIA for Adults of Women w. A Small Shaker Bottle (Color May Vary) for Fast Blending (Other Flavor-Quantity Available),,135.95,,,,,,,,,https://www.amazon.com/GLOBAL-I-Pink-Blending-Flavor-Quantity-Available/dp/B0CH78WKJN/,https://m.media-amazon.com/images/I/81H12aADT5L.jpg
B0B81SLVVW,2,WOVO 26oz Shaker Bottle Reusable Insulated Stainless Steel Double-Walled Shaker Cup with Wire Whisk,Workout Shaker Cup for Blender Protein Shaker Bottle for Women,19.99,22.99,Wovo,26oz Shaker Bottle,Shaker Bottle Straight Outta Shape But I’m Trying,10 x 3.9 x 3.74,1.08 lbs,61,3.9 out of 5 stars,https://www.amazon.com/26oz-Shaker-Bottle-Insulated-Double-Walled/dp/B0B81SLVVW/,https://m.media-amazon.com/images/I/81mzfDVj0tL.jpg
B09CTX46NM,2,Modquen Portable Blender,14 oz Personal Size Blender,23.99,,Modquen,PKZZJ-1,,3.3D x 3.3 x 8.6,1 lbs,230,4.1 out of 5 stars,https://www.amazon.com/Modquen-personal-portable-smoothies-Cordless/dp/B09CTX46NM/,https://m.media-amazon.com/images/I/71d-vNpYbrL.jpg
B0C5J4XTXJ,2,ROCI Shaker Bottle Blender Protein 750ml/25oz - Motivational Funny Stainless Steel Water Bottle - Pre Workout Protein Shaker Bottle for Protein Mixes (Lifting Club),,16.99,,ROCI,ROCI02,ROCI02,3.5 x 3.5,9.7 oz,,,https://www.amazon.com/ROCI-Shaker-Bottle-Blender-Protein/dp/B0C5J4XTXJ/,https://m.media-amazon.com/images/I/61+yh+-5dsL.jpg
B0C5J4V6NL,2,ROCI Shaker Bottle Blender Protein 750ml/25oz - Motivational Funny Stainless Steel Water Bottle - Pre Workout Protein Shaker Bottle for Protein Mixes (Don't Tread On Me),,16.99,,ROCI,ROCI02,ROCI02,3.5 x 3.5,9.6 oz,2,4.5 out of 5 stars,https://www.amazon.com/ROCI-Shaker-Bottle-Blender-Protein/dp/B0C5J4V6NL/,https://m.media-amazon.com/images/I/61HqXQw82RL.jpg
B0B3X7DJ8N,2,Joyparts Replacement parts 2pcs To-Go cups ,Compatible with Oster My Blend Blenders,16.99,,,,,11.14 x 6.06 x 2.95,8.8 oz,60,4.1 out of 5 stars,https://www.amazon.com/Joyparts-Replacement-parts-Compatible-Blenders/dp/B0B3X7DJ8N/,https://m.media-amazon.com/images/I/41ghqP9vMrL.jpg
B0BWKXBXR6,2,SMEG Retro Personal Blender with 2 Bottles PBF01PGUS,Pastel Green,169.95,169.95,SMEG,PBF01PGUS,,5.5D x 5.5 x 13,4 lbs,4,5.0 out of 5 stars,https://www.amazon.com/Personal-Blender-Bottles-PBF01PGUS-Pastel/dp/B0BWKXBXR6/,https://m.media-amazon.com/images/I/418aOu9FiBL.jpg
B0B22F5JXV,2,Hydra Cup 4 PACK - Extra Large Shaker Bottle,45-Ounce Shaker Cup with Dual Blenders for Mixing Protein,26.99,,Hydra Cup,HCC2200,4 Pack Women Jumbo Shaker,14.68 x 7.83 x 4.21,1.92 lbs,52,4.3 out of 5 stars,https://www.amazon.com/PACK-Shaker-45-Ounce-Blenders-Protein/dp/B0B22F5JXV/,https://m.media-amazon.com/images/I/71ucEWfXUUL.jpg
B0BVVGH8B1,2,Portable Blender for Shakes and Smoothies Personal Small Drink Electric Blender Cup USB Rechargeable 380ml(13oz) and 6 Blades Shake Mixer Tarvel Mini Fresh Juice Blender Bottle with a Straw (black),,15.99,,AMHSCOCA,,,3.14D x 3.14 x 9.4,1.12 lbs,4,3.4 out of 5 stars,https://www.amazon.com/Portable-Smoothies-Personal-Electric-Rechargeable/dp/B0BVVGH8B1/,https://m.media-amazon.com/images/I/61dNYiEOehL.jpg
B0BSXJMY57,2,JIEPRO Stainless Steel Ball for Mixing Protein,6 PCS Replacement Shaker Bottle Whisk Ball Milkshake Protein Wire Mixer Mixing 2.1 Inches,6.99,,JIEPRO,,,7.28 x 5.87 x 1.77,2.39 oz,9,4.9 out of 5 stars,https://www.amazon.com/JIEPRO-Stainless-Protein-Replacement-Milkshake/dp/B0BSXJMY57/,https://m.media-amazon.com/images/I/614TfCm9l4L.jpg
B09VC8XG9D,2,Genteen Blender Bottles,Protein Shaker Bottle for Protein Mixes USB-Rechargeable Powerful Electric Shaker Bottles includes Supplement Storage - BPA Free,24.99,24.99,Genteen,V2,Protein Shaker Bottle,3.5 x 7.7,1.3 lbs,950,3.9 out of 5 stars,https://www.amazon.com/Genteen-Electric-Container-USB-Rechargeable-Chocolate/dp/B09VC8XG9D/,https://m.media-amazon.com/images/I/61e4ffEoMwL.jpg
B093SRY7LM,2,IXIGER 4 Pack Shaker Ball,Stainless Blender Mixing Ball,6.75,,IXIGER,,,3.35 x 3.35 x 1.77,2.89 oz,52,4.7 out of 5 stars,https://www.amazon.com/IXIGER-Stainless-Blender-Plastic-Protein/dp/B093SRY7LM/,https://m.media-amazon.com/images/I/51z7jxCC6AS.jpg
B09YDHKZN4,2,Personal Size Blender,Portable Blender,30.99,33.99,Oqnsrwg,,,9.8D x 4 x 3.9,1.08 lbs,96,3.3 out of 5 stars,https://www.amazon.com/Personal-Blender-Portable-Battery-Operated/dp/B09YDHKZN4/,https://m.media-amazon.com/images/I/61oeV6me4DL.jpg
B0B5W63Z6T,2,KP'S VARIETY Portable Blender for Shakes and Smoothies,on the Go Blender 4000mAh USB Rechargeable Battery with 6 Blades,19.99,,KP'S Variety,SRP-618,,3.35D x 3.35 x 9.84,1.3 lbs,35,4.1 out of 5 stars,https://www.amazon.com/KPS-VARIETY-Portable-Blender-Smoothies/dp/B0B5W63Z6T/,https://m.media-amazon.com/images/I/71FshN9nFHL.jpg
B09S3MZ1SK,2,Personal Blender,Portable Blender USB Rechargeable,19.89,,Linshuma,A1,,3.15D x 3.15 x 8.98,1.06 lbs,110,4.1 out of 5 stars,https://www.amazon.com/Personal-Portable-Rechargeable-Linshuma-Smoothies/dp/B09S3MZ1SK/,https://m.media-amazon.com/images/I/716AM1E-70L.jpg
B0C3CBSWFD,2,Portable Blender 22oz USB Rechargeable Cup Juice Lemon Vegetables Fruit Milkshake Smoothie Reamers Bottle Making it Perfect for Indoor,Outdoor,22.99,34.99,Tianmingwei,,,3.75D x 3.75 x 12.2,1.75 lbs,43,3.9 out of 5 stars,https://www.amazon.com/Portable-Rechargeable-Vegetables-Milkshake-Smoothie/dp/B0C3CBSWFD/,https://m.media-amazon.com/images/I/71+Toci7UtL.jpg
B07SRVZHTM,2,BlenderBottle Foodie Shaker Bottle Pro Series Perfect for Protein Shakes and Pre Workout,24-Ounce,13.41,27.75,BlenderBottle,C04202,Foodie Shaker Bottle Pro Series,3.5 x 8,6.7 oz,"2,683",4.8 out of 5 stars,https://www.amazon.com/BlenderBottle-Perfect-Protein-Workout-24-Ounce/dp/B07SRVZHTM/,https://m.media-amazon.com/images/I/71H+lRT9peL.jpg
B0C7Q5N977,2,BlenderBottle Classic V2 Shaker Bottle Perfect for Protein Shakes and Pre Workout,20-Ounce,19.98,,BlenderBottle,,,,,,,https://www.amazon.com/BlenderBottle-Classic-Perfect-Protein-20-Ounce/dp/B0C7Q5N977/,https://m.media-amazon.com/images/I/51+-Or24zBL.jpg
B0BX8T1NW1,2,Anbige Replacement Parts Blade with 2 Gaskets,Compatible with Black&Decker Blenders BL1110BG BL1120BG BL1130SGM BL1820SGM BL1830SGM (fusion blade),10.99,,,,,3.03 x 2.83 x 2.76,2.89 oz,25,4.5 out of 5 stars,https://www.amazon.com/Anbige-Replacement-Compatible-BL1130SGM-BL1820SGM/dp/B0BX8T1NW1/,https://m.media-amazon.com/images/I/517D-rE0QxL.jpg
B0CBVXKMKS,2,KIKE Portable Blender,Personal Blender for Shakes and Smoothies with 6 Blades and 16oz,18.99,,KIKE,,,3.15D x 3.15 x 9,11.3 oz,2,2.0 out of 5 stars,https://www.amazon.com/KIKE-Portable-Smoothies-Rechargeable-Processor/dp/B0CBVXKMKS/,https://m.media-amazon.com/images/I/51es5MbqpjL.jpg
B0BZXPZ7T1,2,A L P H A Stylish & Modern Thermal,Stainless Steel Protein Shaker 750 ml,25.99,,h.amer,1,A L P H A Thermo & Protein Shaker Bottle,3 x 8,9.6 oz,1,1.0 out of 5 stars,https://www.amazon.com/Stylish-Thermal-Stainless-Protein-Leaking/dp/B0BZXPZ7T1/,https://m.media-amazon.com/images/I/61PRSzmU0oL.jpg
B0BPXG2WL1,2,Ninja Blender Replacement Parts 7 Fins Ninja Blender Blade,URSUMER Ninja Blender Parts for Ninja Blender Cups Compatible with Nurti Ninja Blenders Auto iQ BL450-30 BL642-30 BL482-30 BL682-30 ect.,14.99,15.99,URSUMER,,,4.49 x 4.25 x 3.9,8.4 oz,375,4.0 out of 5 stars,https://www.amazon.com/Replacement-URSUMER-Compatible-Blenders-BL450-30/dp/B0BPXG2WL1/,https://m.media-amazon.com/images/I/61RR97fYUqL.jpg
B0BW86RPNH,2,Asa Vea Portable Blender,Personal Size Blender for Shakes and Smoothies with 6 Blades Mini Blender 17oz/500ml for Kitchen,39.99,43.99,Asa Vea,,,4.48D x 4.52 x 11,11.6 oz,18,4.1 out of 5 stars,https://www.amazon.com/Asa-Vea-Portable-Personal-Smoothies/dp/B0BW86RPNH/,https://m.media-amazon.com/images/I/61DL9nPeARL.jpg
B0B6HN45G5,2,Sports Water Bottle with Portable Blender for Juice and Smoothies Maker USB Travel Juice Cup Personal Travel Blender Baby Food Mixing Updated 6 Blades (2),,30.00,,TEMI,,,,,,,https://www.amazon.com/Portable-Blender-Smoothies-Personal-Updated/dp/B0B6HN45G5/,https://m.media-amazon.com/images/I/71xoGRy7VAL.jpg
B0CB23VT73,2,A Small Clear Shaker Bottle w. Pink Lid(Classic Loop Hook),12OZ/400ML Measurement Marks & 3-Color(Pink,9.99,,EBAT,HE6KE,HE6KE,3.5 x 6.5,,,,https://www.amazon.com/Shaker-Bottle-Measurement-Non-Metal-Dishwasher/dp/B0CB23VT73/,https://m.media-amazon.com/images/I/81hA086LFvL.jpg
B0C83CWTTZ,2,Blender Smoothie Bottle Cup Replacement,20 oz Flipp Top to-Go Lid Sports Bottle Cup,10.19,,Qmisify,1,,,5.9 oz,,,https://www.amazon.com/Blender-Smoothie-Replacement-Leak-Proof-Portable/dp/B0C83CWTTZ/,https://m.media-amazon.com/images/I/31g0O5dM1ML.jpg
B0CF88BJ94,2,New Large Water Bottles with Lid Plastic Travel Water Bottle for Sports & Outdoors Reusable Big Water Bottle Gym Water Bottle Leak Proof Water Bottles Gifts for Men Women Cute Stuff (Purple),,2.99,,kawaii circle and jugs drinking personalized plastic blender,handle large for miniature filtered,Water bottles cirkul bottle with straw kids 64 oz time marker sports travel 32 cute big reusable iron flask pink gym,3.15 x 9.06,5.3 oz,,,https://www.amazon.com/Bottles-Plastic-Travel-Outdoors-Reusable/dp/B0CF88BJ94/,https://m.media-amazon.com/images/I/51lUhgUnWcL.jpg
B0CKZP6PHW,2,PERSONAL BLENDER WITH 2 TRITAN BOTTLES,STAINLESS STEEL (RENEWED),29.99,,Kalorik,,,5.12 x 5.12 x 14.57,2.9 lbs,,,https://www.amazon.com/PERSONAL-BLENDER-BOTTLES-STAINLESS-RENEWED/dp/B0CKZP6PHW/,https://m.media-amazon.com/images/I/51-szYClYfL.jpg
B0C8JRVHJY,2,FuelUp Motivational Water Bottle Black with Sleeve,Flip Top Durable BPA Free Tritan Non-Toxic Frosted Bottle Perfect for Office,13.99,14.99,Fuelup,FuelUp02,FuelUp Motivational Water Bottle,12.32 x 4.37 x 4.29,9.9 oz,4,5.0 out of 5 stars,https://www.amazon.com/Motivational-Durable-Non-Toxic-Frosted-Perfect/dp/B0C8JRVHJY/,https://m.media-amazon.com/images/I/41Gb53i3iCL.jpg
B0C7Q5PZ33,2,BlenderBottle Classic Shaker Bottle Perfect for Protein Shakes and Pre Workout,20-Ounce,19.98,,BlenderBottle,,,,,,,https://www.amazon.com/BlenderBottle-Classic-Perfect-Protein-20-Ounce/dp/B0C7Q5PZ33/,https://m.media-amazon.com/images/I/51CiVkcngUL.jpg
B0BJW6N5XQ,2,Nuwave Portable Blender for Shakes and Smoothies,On-the-GO Personal Blender with USB-C Rechargeable,37.85,43.99,Nuwave,Nuwave Portable Blender,,3.25D x 3.25 x 10.75,1.83 lbs,129,3.2 out of 5 stars,https://www.amazon.com/Nuwave-Portable-Blender-Rechargeable-6-Piece-Blade/dp/B0BJW6N5XQ/,https://m.media-amazon.com/images/I/71KiBBMhKIL.jpg
B0C1FZZ642,2,Bodundirect 6 Pcs Small Shaker Ball Formula Mixers,304 Stainless Steel Shaker Ball for Baby Bottles formula,5.98,,Bodundirect,S,Small,4.88 x 3.15 x 1.02,1.76 oz,10,4.1 out of 5 stars,https://www.amazon.com/Bodundirect-Formula-Stainless-Bottles-Nutrition/dp/B0C1FZZ642/,https://m.media-amazon.com/images/I/61z+ssBpSkL.jpg
B071RVYDXB,2,BlenderBottle Blend Bottle Fc Class AST 20Oz,,Page 1 of 1  ,,SUNDESA,FBA_SC00908,FBA_SC00908,8.15 x 4.41 x 4.33,0.15 Kilograms,166,4.7 out of 5 stars,https://www.amazon.com/BlenderBottle-Blend-Bottle-Class-20Oz/dp/B071RVYDXB/,https://m.media-amazon.com/images/I/61dw3bvJsdL.jpg
B0C6DXXRY9,2,ROCI Stainless Steel Shaker Bottle Blender Protein 750ml/25oz - Motivational Funny Stainless Steel Water Bottle - Pre Workout Protein Mixes (Bee Kind Positive),,16.99,,ROCI,RC03,ROCI03,3 x 9,9.7 oz,,,https://www.amazon.com/ROCI-Stainless-Shaker-Blender-Protein/dp/B0C6DXXRY9/,https://m.media-amazon.com/images/I/6171VpQT57L.jpg
B0C5J56MSD,2,ROCI Shaker Bottle Blender Protein 750ml/25oz - Motivational Funny Stainless Steel Water Bottle - Pre Workout Protein Shaker Bottle for Protein Mixes (#1 Mom),,16.99,,ROCI,ROCI02,ROCI02,3.5 x 3.5,9.6 oz,1,5.0 out of 5 stars,https://www.amazon.com/ROCI-Shaker-Bottle-Blender-Protein/dp/B0C5J56MSD/,https://m.media-amazon.com/images/I/61rwkKF+kgL.jpg
B0BZLGJ1KM,2,Klxuyuo Shaker Balls,4 Pcs Shaker Bottle Ball Stainless Steel Protein Shaker Ball Mixer Ball Replacement for Shaker,5.99,,Klxuyuo,,,4.69 x 3.54 x 1.89,1.44 oz,81,4.7 out of 5 stars,https://www.amazon.com/Klxuyuo-Stainless-Protein-Replacement-Drinking/dp/B0BZLGJ1KM/,https://m.media-amazon.com/images/I/71Y8A83+peL.jpg
B089TYWGP9,2,32 oz Glass Water Bottle with Straw Lid,Time Marker,19.99,29.99,FIT Strong & Healthy,WaterBottle_32_B-3,Glass Water Bottle - Upgraded,3 x 11,1.46 lbs,"3,854",4.3 out of 5 stars,https://www.amazon.com/Glass-Water-Bottle-Marker-Reminder/dp/B089TYWGP9/,https://m.media-amazon.com/images/I/81-Qcmjh98L.jpg
B07TS8WVBR,2,Blender Bottle x Forza Sports Classic 28 oz. Shaker - Nice Rack!,,11.95,,Forza Sports,BLBFORZA28OZ,,9.49 x 3.82 x 3.54,5.6 oz,97,4.7 out of 5 stars,https://www.amazon.com/Blender-Bottle-Forza-Sports-Classic/dp/B07TS8WVBR/,https://m.media-amazon.com/images/I/61WoiAhdAjL.jpg
B0B81VJHZJ,2,MERICARGO Portable Blender 32oz Large Capacity,Mini Blender for Shakes and Smoothies,25.90,29.70,MERICARGO,MR-ZZ01-BL1-US2,MR-ZZ01-BL1-US2,3.1 x 11.1,1.14 lbs,519,3.6 out of 5 stars,https://www.amazon.com/Portable-Capacity-MERICARGO-Smoothies-Rechargeable/dp/B0B81VJHZJ/,https://m.media-amazon.com/images/I/61cwwBwTJQL.jpg
B07QDS4N4K,2,Personal Blender with 2 x 20oz Travel Bottle and Coffee/Spices Jar,Portable Smoothie Blender and Coffee Grinder in One,39.99,39.99,Yabano,,,10.6D x 8.5 x 6.6,1.25 lbs,"2,193",4.4 out of 5 stars,https://www.amazon.com/Personal-Portable-Smoothie-Smoothies-Yabano/dp/B07QDS4N4K/,https://m.media-amazon.com/images/I/71Gvp-KDaJL.jpg
B0BDMXCNCT,2,Fresh Juice Portable Bottle Blender - Personal Blender for Smoothies,Baby Food and Protein Shakes On the go - Mini Small Hand Mixer for Home,54.89,,Fresh Juice,,,4D x 4 x 10.5,1.5 lbs,57,3.1 out of 5 stars,https://www.amazon.com/Fresh-Juice-Portable-Bottle-Blender/dp/B0BDMXCNCT/,https://m.media-amazon.com/images/I/51YwuchobBL.jpg
B08LKS51FB,2,purple tree Protein Shake Bottle,Leak Proof Mixer Cup with Stainless Steel Blending Ball,9.95,,,,,,,422,4.5 out of 5 stars,https://www.amazon.com/Protein-Stainless-Blending-Hydration-Supplement/dp/B08LKS51FB/,https://m.media-amazon.com/images/I/61B4MDG-PnL.jpg
B0BDNHWCVC,2,Portable Smoothie blender Glass bottle Mini USB rechargeable 2 battery Handheld Shakes blend Cup USB juicer Cordless Personal smoothies maker mixer,,50.99,,ROSEVIEW,,,3D x 3 x 9.5,2 lbs,8,4.3 out of 5 stars,https://www.amazon.com/Smoothie-Portable-ROSEVIEW-rechargeable-smoothies/dp/B0BDNHWCVC/,https://m.media-amazon.com/images/I/61-EoDj28iL.jpg
B09JZZM136,2,BlenderBottle Marvel Strada Shaker Cup Insulated Stainless Steel Water Bottle with Wire Whisk,24-Ounce,34.99,,BlenderBottle,C04822,Marvel Strada Shaker Cup,4.34 x 8.98,12.3 oz,265,4.8 out of 5 stars,https://www.amazon.com/BlenderBottle-Insulated-Stainless-Bottle-Spiderman/dp/B09JZZM136/,https://m.media-amazon.com/images/I/71ZuA8Jza3L.jpg
B0B5YK9DKS,2,Coldest Shaker Bottle - Protein Blender Shaker Cup for Protein Mixes Insulated Chug lid Bottle,Bottle Fits Sip Cirkul Lid (46 oz,50.99,,The Coldest Water,1,shakerbottle,13.78 x 5.35 x 4.09,1.2 lbs,287,4.5 out of 5 stars,https://www.amazon.com/COLDEST-Perfect-Blender-Cocktails-Insulated/dp/B0B5YK9DKS/,https://m.media-amazon.com/images/I/61l1eP76AUL.jpg
B0BWF2TQL4,2,COKUNST Portable Blender for Shakes and Smoothies,BPA-Free USB Rechargeable 16oz Personal Blender Portable with 6 Blades,18.99,19.99,COKUNST,PSB-3,,3.7D x 3.7 x 8.5,1.32 lbs,983,4.1 out of 5 stars,https://www.amazon.com/COKUNST-Portable-Smoothies-BPA-Free-Rechargeable/dp/B0BWF2TQL4/,https://m.media-amazon.com/images/I/61ehnoJguxL.jpg
B0968XS26Z,2,BlenderBottle ProStak Twist n’ Lock Storage Jars Expansion 3-Pak with Removable Handle,100cc+150cc+250cc,12.43,,BlenderBottle,C04877,ProStak Twist n’ Lock Storage Jars Expansion 3-Pak with Removable Handle,3.08 x 6.61,6.7 oz,275,4.8 out of 5 stars,https://www.amazon.com/BlenderBottle-Motivational-Expansion-Removable-Fearless/dp/B0968XS26Z/,https://m.media-amazon.com/images/I/61LCC+Oq-8S.jpg
B0BBDYY3Q1,2,2Pack Reusable Neoprene Insulator Water bottle holder Sleeves with Handle Compatible with 28 oz Blender Bottle(Fits 28oz Blender,Party Flamingo + Leopard print(2 Pack)),13.99,,AJLTPA,,,3.54 x 6.5,2.39 oz,1,5.0 out of 5 stars,https://www.amazon.com/2Pack-Reusable-Neoprene-Insulator-Compatible-Flamingo/dp/B0BBDYY3Q1/,https://m.media-amazon.com/images/I/81LKsVXiWbL.jpg
B0C7HCYMSF,2,Onkuly 6 Pcs Shaker Balls Replacement Shaker Bottle Ball 2 Sizes Stainless Steel Mixing Balls for Protein Shaker,Drinking Bottle,6.58,,Onkuly,6,Shaker balls,2.1 x 1.2,2.39 oz,11,4.9 out of 5 stars,https://www.amazon.com/Onkuly-Replacement-Stainless-Protein-Drinking/dp/B0C7HCYMSF/,https://m.media-amazon.com/images/I/71paBy99uQL.jpg
B0CG56VL5N,2,2 Pcs Silver 2 Inch 304 Stainless Steel Replacement Shaker Ball Wire Whisk Shaker Mixer Mixing Ball Bottle Cup Blend Shaker Bottle Cocktail Shakers,,9.99,,BWESOO,,,6.26 x 3.74 x 1.85,0.634 oz,,,https://www.amazon.com/Silver-Stainless-Replacement-Cocktail-Shakers/dp/B0CG56VL5N/,https://m.media-amazon.com/images/I/61lTfHDz+gL.jpg
B07V7TLC6T,2,BlenderBottle Classic Loop Top Shaker Bottle 3-Pack,28 oz (Navy),33.04,,Blender Bottle,,,10.5 x 8.9 x 3.3,1.05 lbs,47,4.8 out of 5 stars,https://www.amazon.com/BlenderBottle-Classic-Shaker-Bottle-3-Pack/dp/B07V7TLC6T/,https://m.media-amazon.com/images/I/71Q+Fc10nZL.jpg
B06XFXRGJ1,2,BLNDR BOTTLE CLASSIC28OZ by BLENDERBOTTLE MfrPartNo SC00504,,33.68,,BlenderBottle,PN/74442,,10.4 x 9.1 x 3.4,1.06 lbs,76,4.3 out of 5 stars,https://www.amazon.com/BOTTLE-CLASSIC28OZ-BLENDERBOTTLE-MfrPartNo-SC00504/dp/B06XFXRGJ1/,https://m.media-amazon.com/images/I/81GSHZcxtdL.jpg
B0BXH1Q8P2,2,Portable Blender,Mini Juice Blender For Shakes and Smoothies,29.99,,MBANKO,,,4.5D x 4 x 9,1.26 lbs,36,4.4 out of 5 stars,https://www.amazon.com/Portable-Blender-Smoothies-Personal-Rechargeable/dp/B0BXH1Q8P2/,https://m.media-amazon.com/images/I/71Y15Feuz6L.jpg
B0C4HDD91X,2,Jabtraxx Portable Blender,Personal Size Blender for Shakes and Smoothies with 6 Blades,27.99,,Jabtraxx,,,7.09D x 3.94 x 11.42,1.87 lbs,1,5.0 out of 5 stars,https://www.amazon.com/Jabtraxx-Portable-Personal-Smoothies-Rechargeable/dp/B0C4HDD91X/,https://m.media-amazon.com/images/I/71Mzl90XuNL.jpg
B0BGZZ3222,2,Portable Blender,Personal Blender for Shakes and Smoothies,16.39,,FIXRO,FIXRO-PB01,,3.15D x 3.15 x 9.37,14.4 oz,14,4.3 out of 5 stars,https://www.amazon.com/Portable-Personal-Smoothies-Rechargeable-Traveling/dp/B0BGZZ3222/,https://m.media-amazon.com/images/I/51FcYbhIl2L.jpg
B0BBCR45JN,2,2Pack Reusable Neoprene Insulator Water bottle holder Sleeves with Handle Compatible with 28 oz Blender Bottle(Fits 28oz Blender,Floral Sugar Skull + Blue Cheetah(2 Pack)),13.99,,AJLTPA,,,7.09 x 5.79 x 1.89,3.17 oz,6,3.5 out of 5 stars,https://www.amazon.com/2Pack-Reusable-Neoprene-Insulator-Sleeves-Compatible/dp/B0BBCR45JN/,https://m.media-amazon.com/images/I/81zHbgLW-DL.jpg
B0C6NFB36K,2,Owala Silicone Water Bottle Boot,Anti-Slip Protective Sleeve for Water Bottle,6.99,,BlenderBottle,C06266,Bottle Boot,3.13 x 2.71,1.76 oz,64,4.8 out of 5 stars,https://www.amazon.com/Owala-Silicone-Anti-Slip-Protective-Stainless/dp/B0C6NFB36K/,https://m.media-amazon.com/images/I/41X2+uc9+4L.jpg
B0C9WJKYQB,2,Portable Blender Mini Mixer Electric Juicer Machine Fresh Fruit Juice Blender Smoothie Maker Blender Cup Bottle F Travel Kitchen (Pink),,35.99,,Generic,,,10.3D x 3.2 x 3.2,,,,https://www.amazon.com/Portable-Blender-Electric-Machine-Smoothie/dp/B0C9WJKYQB/,https://m.media-amazon.com/images/I/51786+wYjbL.jpg
B0BJZ9WGWP,2,Frossvt Personal Blender for Shakes and Smoothies,Powerful Smoothie Blender with 450w Powerful Motor 2 x Travel Cups 20oz Pulse Technology BPA-Free,27.99,,Frossvt,Frossvt Personal Blender,,7D x 9.5 x 10,3.36 lbs,85,4.0 out of 5 stars,https://www.amazon.com/Frossvt-Personal-Blender-Smoothies-Technology/dp/B0BJZ9WGWP/,https://m.media-amazon.com/images/I/71LkFr9RxCL.jpg
B0C5M52C95,2,Portable Blender,Personal Blender for Shakes and Smoothies,32.99,,Fsinnsuzi,,,3.5D x 3.5 x 11.5,1.74 lbs,244,3.9 out of 5 stars,https://www.amazon.com/Portable-Blender-Personal-Smoothies-Rechargeable/dp/B0C5M52C95/,https://m.media-amazon.com/images/I/715LyEQ0KUL.jpg
B0CCDJWKX4,2,1L Water Bottles Big Water Bottle with Straw Travel Water Bottle with Time Marker Motivational Sports Water Bottle Waterbottles Clear Water Bottles Summer Essentials Gifts for Men Women (Blue),,2.99,,kawaii circle and jugs drinking personalized plastic blender,handle large for miniature filtered,water bottles cirkul bottle with straw kids 64 oz time marker sports travel 32 cute big reusable iron flask pink gym,2.99 x 11.42,6.2 oz,1,5.0 out of 5 stars,https://www.amazon.com/Bottles-Bottle-Motivational-Waterbottles-Essentials/dp/B0CCDJWKX4/,https://m.media-amazon.com/images/I/51UAnYhDVdL.jpg
B0CF85Y595,2,Double Insulation Water Bottles with Straw Lid Plastic Travel Water Bottle for Sports & Outdoors Reusable Big Water Bottle Gym Water Bottle leak proof Water Bottles Gifts for Men Women Cute Stuff,,4.99,,kawaii circle and jugs drinking personalized plastic blender,handle large for miniature filtered,water bottles cirkul bottle with straw kids 64 oz time marker sports travel 32 cute big reusable iron flask pink gym,3.6 x 9.8,8.8 oz,,,https://www.amazon.com/Insulation-Bottles-Plastic-Outdoors-Reusable/dp/B0CF85Y595/,https://m.media-amazon.com/images/I/61wZjugEWEL.jpg
B0CKC3BV7Y,2,HAKIDZEL protein shake self stirring cup mini shake blender protein mixer electric small appliances juicers smoothie blenders drink blender shaker bottle fitness sports Battery,,18.66,,HAKIDZEL,06SNLQ56AVRUTJ20086,,3.15D x 2.36 x 9.06,9.1 oz,,,https://www.amazon.com/HAKIDZEL-stirring-electric-appliances-smoothie/dp/B0CKC3BV7Y/,https://m.media-amazon.com/images/I/51sO7VjH5KL.jpg
B0C6GK8BX3,2,Portable Mini Fruit Blender 350mL Fresh health Wireless charging waterproof Rechargeable battery (White),,32.29,,Generic,,,3.34D x 3.34 x 9.52,1.01 lbs,,,https://www.amazon.com/Portable-Wireless-charging-waterproof-Rechargeable/dp/B0C6GK8BX3/,https://m.media-amazon.com/images/I/61+suy1OM5L.jpg
B0BV6T2VLN,2,Peloton x CamelBak Podium Bottle ,24 oz. BPA-Free Bottle with Non-drip Nozzle and Hydroguard Technology,15.00,,Camelbak,,Podium Bottle,9.53 x 3.19 x 3.03,0.17 Kilograms,171,4.7 out of 5 stars,https://www.amazon.com/Peloton-CamelBak-BPA-Free-Hydroguard-Technology/dp/B0BV6T2VLN/,https://m.media-amazon.com/images/I/310pokWDl6L.jpg
B0BZSQS8YV,2,LittleLuxurise Portable Personal Blender,13.5oz Pink Mini Blender for Shakes Smoothies with USB Rechargeble for Gym Travel Office(Pink),25.00,,LittleLuxuries,ky001,,3.5D x 3.5 x 9,14.9 oz,28,4.0 out of 5 stars,https://www.amazon.com/LittleLuxurise-Portable-Personal-Smoothies-Rechargeble/dp/B0BZSQS8YV/,https://m.media-amazon.com/images/I/61jCj3YPMeL.jpg
B0CDXV73TM,2,Portable Smoothie Blender on the Go,Fresh Juice Personal Blender,16.49,,Icesoore,,,3.93D x 3.93 x 9.84,,,,https://www.amazon.com/Portable-Smoothie-Personal-Rechargeable-Smoothies/dp/B0CDXV73TM/,https://m.media-amazon.com/images/I/61nPoOVhOVL.jpg
B0CH12R7W2,2,Portable Blender for Shakes and Smoothies with BPA-Free Travel Cup and Lid,Personal Mini Portable Blender USB Rechargeable Portable Juicer with Six Blade for Travel Gym Office(Black),51.99,,Kqiang,,,11.3 x 3.86 x 3.82,1.43 lbs,13,4.6 out of 5 stars,https://www.amazon.com/Portable-Smoothies-BPA-Free-Personal-Rechargeable/dp/B0CH12R7W2/,https://m.media-amazon.com/images/I/71d3SRhZX+L.jpg
B0BW84QCV1,2,Portable Blender with 6 blades,20Oz Porsonal Mini Blender for Shakes and Smoothies,19.99,,Procoloredfun,,,3.5D x 3.5 x 11.8,1.8 lbs,53,4.5 out of 5 stars,https://www.amazon.com/Portable-Porsonal-Smoothies-Rechargeable-Handheld/dp/B0BW84QCV1/,https://m.media-amazon.com/images/I/716tC9tzdKL.jpg
B0BPJTPKLX,2,Portable Blender,Personal Size Blender,34.98,,GSADWLI,,,3.23D x 3.23 x 8.59,1.26 lbs,2,5.0 out of 5 stars,https://www.amazon.com/Portable-Blender-Personal-Battery-Smoothies/dp/B0BPJTPKLX/,https://m.media-amazon.com/images/I/71PI1Tj6jiL.jpg
B0CFLBK3W4,2,Modquen Portable Blender,14 oz Personal Size Blender,23.99,,Modquen,GEZZJ-1,,3.3D x 3.3 x 8.6,1.12 lbs,230,4.1 out of 5 stars,https://www.amazon.com/Modquen-Portable-Personal-Smoothies-Rechargeable/dp/B0CFLBK3W4/,https://m.media-amazon.com/images/I/71fu0HJgQXL.jpg
B0CLDXL3ZW,2,Electric Shaker Bottle Automatic Blender Cup for Juice Milkshake Cup 650Ml Mug Bottle Food Sports Nutrition Shaker Bottles,,12.64,,Generic,Genericgwb8u2o5mn,,7.87 x 4.33 x 3.94,,,,https://www.amazon.com/Electric-Automatic-Blender-Milkshake-Nutrition/dp/B0CLDXL3ZW/,https://m.media-amazon.com/images/I/614f-mwA9dL.jpg
B084Q9TTP8,2,BlenderBottle Half Gallon Water Bottle,Koda Large Water Jug,14.99,14.99,BlenderBottle,C03409,Hydration Extra Large Koda,5.35 x 10.5,7.2 oz,"2,355",4.7 out of 5 stars,https://www.amazon.com/BlenderBottle-Hydration-Extra-Large-2-2-Liter/dp/B084Q9TTP8/,https://m.media-amazon.com/images/I/717-U0Kv73L.jpg
B0B74N8V9D,2,HOU Max 28.16 OZ Protein Shaker Bottle,Electric Gym Accessories Blender for Mixes Protein for Men & Women,42.99,,HOU,,,10.24 x 3.94 x 3.94,1.1 lbs,4,3.9 out of 5 stars,https://www.amazon.com/HOU-Accessories-Waterproof-Rechargeable-Gradient-Blue/dp/B0B74N8V9D/,https://m.media-amazon.com/images/I/61dWsMZtknL.jpg
B0CGLTJ8HP,2,ZUKPUMNE Protein Shaker,Portable Blender Water Bottle,6.69,,ZUKPUMNE,1,,2.36 x 7.87,5.9 oz,,,https://www.amazon.com/ZUKPUMNE-Portable-Versatile-Traveling-Smoothies/dp/B0CGLTJ8HP/,https://m.media-amazon.com/images/I/31g0O5dM1ML.jpg
B0C3JDRLTC,2,Portable Blender Personal Juicer,20oz with Travel Lid,22.99,29.99,Tianmingwei,,,3.75D x 3.75 x 12.2,1.38 oz,43,3.9 out of 5 stars,https://www.amazon.com/Portable-Blender-Personal-Smoothie-Rechargeable/dp/B0C3JDRLTC/,https://m.media-amazon.com/images/I/717eCSk3qJL.jpg
B0CL21H695,2,Trisar Boost Your Hydrating Experience Electric Shaker Bottle 650Ml Sports Nutrition Blender Automatic Easy Milkshake and Mug Master Fashion Amp Fitness with Electrico,,12.48,,Trisar,Trisarb52i07rwpt,,7.87 x 4.33 x 3.94,,,,https://www.amazon.com/Trisar-Hydrating-Experience-Nutrition-Automatic/dp/B0CL21H695/,https://m.media-amazon.com/images/I/61rPqwY2xfL.jpg
B0CJJD3K9V,2,Portable Blender,Personal Blender for Fresh Juice,29.99,,NexaEase,,,2.8D x 2.8 x 9.65,1.53 lbs,,,https://www.amazon.com/Portable-Blender-Personal-Shakes-Smoothies/dp/B0CJJD3K9V/,https://m.media-amazon.com/images/I/71DlmrRPPuL.jpg
B0C4V72WHV,2,[2 Pack] PRE and PROTEIN Shaker Bottle Set 24oz With Metal Blender Ball BPA FREE Dishwasher Top Rack Safe (Black),,19.99,,GymEssentialz,2packpreprot,Shaker Bottle,4 x 8.75,,,,https://www.amazon.com/PROTEIN-Shaker-Bottle-Blender-Dishwasher/dp/B0C4V72WHV/,https://m.media-amazon.com/images/I/51-oiujuGOL.jpg
B0B7Q13X47,2,Portable Blender Smoothies Personal Blender Mini Shakes Juicer 380 ml Cup USB Rechargeable Cordless Shaker Bottle (BLACK),,22.97,,Generic,,,3D x 3 x 8,14.4 oz,46,3.6 out of 5 stars,https://www.amazon.com/Portable-Smoothies-Personal-Rechargeable-Cordless/dp/B0B7Q13X47/,https://m.media-amazon.com/images/I/41dn28cM3eL.jpg
B0BWJPC16T,2,FlyBanboo Portable Blender,Personal Blender for Shakes&Smoothies,15.00,,FlyBanboo,,,3.2 x 3.2 x 9.8,1.09 lbs,33,2.6 out of 5 stars,https://www.amazon.com/FlyBanboo-Portable-Smoothies-Rechargeable-Traveling/dp/B0BWJPC16T/,https://m.media-amazon.com/images/I/71yAShlixcL.jpg
B0BWR6X9VT,2,Portable Blender Smoothies Personal Blender Mini Shakes Juicer Cup USB Rechargeable. (,,13.99,14.99,Generic,,,3.54D x 3.54 x 9.84,12 oz,37,2.8 out of 5 stars,https://www.amazon.com/Portable-Blender-Smoothies-Personal-Rechargeable/dp/B0BWR6X9VT/,https://m.media-amazon.com/images/I/51gOvRD9VCL.jpg
B0C42VFN27,2,Qiopertar Portable Blenders,Personal Blend-er For Shakes And Smoothies,36,,FYF220819011DB,,,3.54D x 3.54 x 7,0.704 oz,,,https://www.amazon.com/Qiopertar-Portable-Blenders-Smoothies-Rechargeable/dp/B0C42VFN27/,https://m.media-amazon.com/images/I/71EBHjHJWkL.jpg
B0BZYF1C1V,2,Owala FreeSip Insulated Stainless Steel Water Bottle with Straw for Sports and Travel,BPA-Free,23.05,27.99,BlenderBottle,C06054,FreeSip Insulated Stainless Steel Water Bottle,3.24 x 10.68,0.4 Kilograms,"26,325",4.8 out of 5 stars,https://www.amazon.com/Owala-Insulated-Stainless-BPA-Free-Sweetness/dp/B0BZYF1C1V/,https://m.media-amazon.com/images/I/61vK5sJ1IEL.jpg
B0CKNF6GD6,2,Lender Juicer Smoothie Maker,20oz Blender Smoothie Bottle Cup,8.09,,FINPAN,,,,5.9 oz,,,https://www.amazon.com/Lender-Smoothie-Blender-Friendly-Milkshake/dp/B0CKNF6GD6/,https://m.media-amazon.com/images/I/31g0O5dM1ML.jpg
B0CCW3Q1LG,2,Blender Smoothie Bottle Cup,Nutrient Extractor Personal Mini Blender Juicer Smoothie Maker,7.79,,PAREKS,1,,,5.9 oz,,,https://www.amazon.com/Smoothie-Nutrient-Extractor-Personal-Replacement/dp/B0CCW3Q1LG/,https://m.media-amazon.com/images/I/31g0O5dM1ML.jpg
B0C9ZZMF4C,2,20oz Smoothie Blender Bottles,BPA Free Smoothie Bottles To Go,8.49,,OSKOE,1,,2.36 x 7.87,5.9 oz,,,https://www.amazon.com/Smoothie-Blender-Portable-Carrying-Drinking/dp/B0C9ZZMF4C/,https://m.media-amazon.com/images/I/31g0O5dM1ML.jpg
B0CB7VBRZY,2,13.5oz Portable Blender Mini Shakes Juicer Cup for home，office，Outdoors,Multi-purpose USB Rechargeable Blender with Protection Design.,17.60,,Generic,,,9.2 x 3.2 x 3.2,12.3 oz,,,https://www.amazon.com/Portable-home%EF%BC%8Coffice%EF%BC%8COutdoors-Multi-purpose-Rechargeable-Protection/dp/B0CB7VBRZY/,https://m.media-amazon.com/images/I/71i5ZlW4HgL.jpg
B0CJYBPFXB,2,Portable Blender Mini Personal Blender for Shakes and Smoothies Countertop Blender and Grinder Smoothie Blender with Shaker Bottle Juicer Blender for Fruit Juice Protein,,4.49,,Silian,1,,,5.9 oz,,,https://www.amazon.com/Portable-Personal-Smoothies-Countertop-Smoothie/dp/B0CJYBPFXB/,https://m.media-amazon.com/images/I/31g0O5dM1ML.jpg
B0CLYZYGVF,2,Ventresto Black on White 28oz blender shaker bottle with leakproof cap and flip top,,13.99,,Ventresto,SB-0023,Ventresto V Shaker Bottle,4.5 x 8.5,1 lbs,,,https://www.amazon.com/Ventresto-blender-shaker-bottle-leakproof/dp/B0CLYZYGVF/,https://m.media-amazon.com/images/I/51jB2B-fhCL.jpg
B0CCJM38S7,2,VENJIEN Portable Blender,Blender for Shakes and Smoothies,59.99,,,,,3.74 x 3.74 x 8.66,,,,https://www.amazon.com/VENJIEN-Smoothies-Multifunctional-Bottle-Ideal-Traveling/dp/B0CCJM38S7/,https://m.media-amazon.com/images/I/41IDAsr50IL.jpg
B0C32ZXTVL,2,20 Oz Portable Blender for Shakes and Smoothies,4000mAh Electric Juicer,27.99,29.99,DoubleCare,,,5D x 5 x 5,1.7 lbs,38,4.3 out of 5 stars,https://www.amazon.com/Portable-Smoothies-Electric-Smoothie-Waterproof/dp/B0C32ZXTVL/,https://m.media-amazon.com/images/I/7153b4ixMoL.jpg
B0C339LL9X,2,Lovskoo 500ml Collapsible Water Bottles Silicone Motivational Water Bottle with Carrying Loop,Travel Water Bottle for Sports & Outdoors Reusable Water Bottle Cute Stuff Gifts for Men,1.99,,kawaii circle and jugs drinking personalized plastic blender,handle large for miniature filtered,water bottles cirkul bottle with straw kids 64 oz time marker sports travel 32 cute big reusable iron flask pink gym,3 x 8.3,4.8 oz,1,4.0 out of 5 stars,https://www.amazon.com/Lovskoo-Collapsible-Silicone-Motivational-Carrying/dp/B0C339LL9X/,https://m.media-amazon.com/images/I/61ezj9o7sNL.jpg
B0CLN512QR,2,350ML Portable Travel Blender,Rechargeable Cordless Blender,21,,,,,11.81 x 11.81 x 9.45,7.1 oz,,,https://www.amazon.com/Portable-Rechargeable-Cordless-Squeezer-Extractor/dp/B0CLN512QR/,https://m.media-amazon.com/images/I/41v6hRPKt6L.jpg
B0BS9GPCTP,2,MYOC Multipurpose Aluminium Empty Bottle with Drop Nozzle & Cap with Inner lid for Essential Oil,Oil Blends,20.00,,MYOC,Bottle-25ml-PO8_AU,,1.38 x 1.38 x 2.95,,,,https://www.amazon.com/MYOC-Multipurpose-Aluminium-Essential-container/dp/B0BS9GPCTP/,https://m.media-amazon.com/images/I/71TO02AuHeL.jpg
B0C2RZWTQT,2,ICON SERIES BY THERMOS Stainless Steel Water Bottle with Spout 24 Ounce,Granite,16.99,24.99,THERMOS,IS2202GT4,Stainless Steel Water Bottle with Spout,3.2 x 10.1,0.47 Kilograms,315,4.5 out of 5 stars,https://www.amazon.com/THERMOS-Stainless-Steel-Bottle-Granite/dp/B0C2RZWTQT/,https://m.media-amazon.com/images/I/51UjKA2+pIL.jpg
B0BW48275H,2,Asixxsix Blender,USB Charging Portable Blender with 6 Blades,Page 1 of 1  ,,Asixxsix,Asixxsix9ug7b5t3qg,,8.66 x 5.12 x 3.94,15.3 oz,,,https://www.amazon.com/Asixxsix-Charging-Portable-Professional-Smoothies/dp/B0BW48275H/,https://m.media-amazon.com/images/I/51z0kev5PtL.jpg
B0CDT7H47G,2,Small Rechargable Portable Juicer,,14.00,18.99,Generic,,,8.7D x 4 x 5.5,13.4 oz,3,3.5 out of 5 stars,https://www.amazon.com/Generic-Small-Rechargable-Portable-Juicer/dp/B0CDT7H47G/,https://m.media-amazon.com/images/I/51LowPSTfwL.jpg
B0CB83645N,2,Portable Blender,Personal Blender for Shakes and Smoothies with Rechargeable USB Port,18.00,,Generic,,,3D x 3 x 9,9.4 oz,1,1.0 out of 5 stars,https://www.amazon.com/Portable-Blender-Personal-Smoothies-Rechargeable/dp/B0CB83645N/,https://m.media-amazon.com/images/I/71dEjp9QlzL.jpg
B0C2FRWBD6,2,Ninja BC151NV Blast Portable Blender,Cordless,59.95,59.95,Ninja,BC151CR,,3.54D x 3.54 x 10.71,1.73 lbs,558,4.4 out of 5 stars,https://www.amazon.com/Ninja-BC151CR-Smoothies-Rechargeable-Dishwasher/dp/B0C2FRWBD6/,https://m.media-amazon.com/images/I/71L4zywKWhL.jpg
B0CGV4KTQ2,2,TripleLife Electric Shaker Bottle,Rechargeable 304 Stainless Steel Portable Protein Blender Cups for Coffee Milk Tea Cocoa Hot Chocolate,14.99,,Umigo,11,Electric Shaker Bottle,3.1 x 4.9,10.2 oz,,,https://www.amazon.com/TripleLife-Electric-Rechargeable-Stainless-Chocolate/dp/B0CGV4KTQ2/,https://m.media-amazon.com/images/I/61GiRGn6KrL.jpg
B0CFPRTHSR,2,13.5oz Portable Blender Smoothies Personal Blender Mini Shakes Juicer Cup for home，office，Outdoors,Multi-purpose USB Rechargeable Blender with Protection Design.,19.99,99.99,,,,9.41 x 3.5 x 3.46,12 oz,222,4.1 out of 5 stars,https://www.amazon.com/Smoothies-home%EF%BC%8Coffice%EF%BC%8COutdoors-Multi-purpose-Rechargeable-Protection/dp/B0CFPRTHSR/,https://m.media-amazon.com/images/I/719GAgPc66L.jpg
B088M33VCT,2,Portable Blender,MIAOKE Personal Mini Juice Blender,17.99,24.99,MIAOKE,GZJ-5,,3.14D x 3.14 x 9.45,1.09 lbs,"1,419",3.9 out of 5 stars,https://www.amazon.com/Portable-MIAOKE-Smoothie-Personal-Rchargeable/dp/B088M33VCT/,https://m.media-amazon.com/images/I/71usYRabVTL.jpg
B06XDCB2DP,2,BlenderBottle Classic Shaker Bottle Perfect for Protein Shakes and Pre Workout,28-Ounce (2 Pack),29.99,,Blender Bottle,C02692,Classic Shaker Bottle,9.38 x 7.32,10.6 oz,"49,890",4.8 out of 5 stars,https://www.amazon.com/Blender-Bottle-Classic-Shaker-28-Ounce/dp/B06XDCB2DP/,https://m.media-amazon.com/images/I/81f+ubLoFKL.jpg
B08GQZMST7,2,GREECHO Portable Blender,One-handed Drinking Mini Blender for Shakes and Smoothies,33.99,59.99,GREECHO,JC-04,,4.3D x 4.3 x 8.9,2.89 oz,"1,632",3.9 out of 5 stars,https://www.amazon.com/GREECHO-Portable-One-handed-Smoothies-Rechargeable/dp/B08GQZMST7/,https://m.media-amazon.com/images/I/715WlX-7QmL.jpg
B0BG93T1MX,2,Xibonol Portable Blender,Blender for Shakes and Smoothies,20.79,25.99,Xibonol,HD-07,,3.74D x 3.74 x 8.66,1.5 lbs,"1,581",4.2 out of 5 stars,https://www.amazon.com/Xibonol-Smoothies-Rechargeable-Multifunctional-Bottle-Ideal/dp/B0BG93T1MX/,https://m.media-amazon.com/images/I/71eZM641zbL.jpg
B0CDW6J1W8,2,900W KOIOS Smoothie Blender,Personal Blender for Shakes and Smoothies with 2 BPA-Free 22 oz Portable Blender Bottles and To-Go Lids,39.99,,KOIOS,BL337B,,10.43D x 5.51 x 8.86,4.05 lbs,24,4.7 out of 5 stars,https://www.amazon.com/KOIOS-Smoothie-Personal-Smoothies-Nutritious/dp/B0CDW6J1W8/,https://m.media-amazon.com/images/I/71q0NvJZecL.jpg
B0BKH4V3BC,2,Hydracup [5 Pack] - 20 oz OG Shaker Bottle for Protein Powder Shakes & Mixes,Dual Blender,24.99,29.99,Hydracup,HCG14,New OG,4 x 9,1.61 lbs,522,4.7 out of 5 stars,https://www.amazon.com/HydraCup-Pack-Protein-Barbell-Blender/dp/B0BKH4V3BC/,https://m.media-amazon.com/images/I/71dNS7O7YBL.jpg
B0C7SG1TLF,2,Simple Modern Stainless Steel Shaker Bottle with Ball 24oz ,Metal Insulated Cup for Protein Mixes,19.11,19.11,Simple Modern,Rally Protein Shaker,Stainless Steel Shaker Bottle with Ball 24oz,3.4 x 10.44,1.06 lbs,180,4.6 out of 5 stars,https://www.amazon.com/Simple-Modern-Shaker-Protein-Rally/dp/B0C7SG1TLF/,https://m.media-amazon.com/images/I/51bzRw0y1HL.jpg
B0C5JJM4MG,2,COKUNST Portable Blender for Shakes and Smoothies BPA-Free 18oz Portable Blender USB Rechargeable with 6 Blades Powerful Portable Blender Bottles with Strainer Fresh Juicer Portable Blender Cup,,22.99,31.99,COKUNST,PSB-4,,3.3D x 3.3 x 10.3,1.1 lbs,63,4.3 out of 5 stars,https://www.amazon.com/COKUNST-Portable-Smoothies-BPA-Free-Rechargeable/dp/B0C5JJM4MG/,https://m.media-amazon.com/images/I/718C9ZAvrYL.jpg
B0C7GWGLWV,2,VOLTRX Protein Shaker Bottle,Merger USB C Rechargeable Electric Protein Shake Mixer,17.99,,VOLTRX Technology,vt005,Shaker bottle,3.54 x 10.24,13 oz,141,4.5 out of 5 stars,https://www.amazon.com/VOLTRX-Protein-Rechargeable-Electric-Replacement/dp/B0C7GWGLWV/,https://m.media-amazon.com/images/I/51sssewfBgL.jpg
B09CJY79LX,2,BlenderBottle Justice League Strada Shaker Cup Insulated Stainless Steel Water Bottle with Wire Whisk,24-Ounce,34.99,,BlenderBottle,C05182,Justice League Shaker Bottle,4.34 x 8.98,13.4 oz,320,4.8 out of 5 stars,https://www.amazon.com/BlenderBottle-Justice-Insulated-Stainless-24-Ounce/dp/B09CJY79LX/,https://m.media-amazon.com/images/I/91UHT8vdJeL.jpg
B07MVDBQS6,2,Utopia Home 2-Pack Shaker Bottle - 24 Ounce Protein Shaker Plastic Bottle for Pre & Post workout with Twist and Lock Protein Box Storage(All Black & Clear/Black),,13.99,19.99,Utopia Home,,,4 x 10,1.32 lbs,"12,676",4.4 out of 5 stars,https://www.amazon.com/Utopia-Home-Classic-Protein-Storage/dp/B07MVDBQS6/,https://m.media-amazon.com/images/I/71U1EHX4c+L.jpg
B09LHWFSZQ,2,Promixx PURSUIT Protein Shaker Bottle – Premium Sports Blender Bottles for Protein Mixes and Supplement Shakes – Easy Clean,Durable Protein Shaker Cup,8.88,12.99,Promixx,US-PRO-P-S1-700SHAKER-GG,US-PRO-P-S1-700SHAKER-GG,3.4 x 8,4.9 oz,"8,776",4.6 out of 5 stars,https://www.amazon.com/PROMiXX-Shaker-Bottle-Supplement-Graphite/dp/B09LHWFSZQ/,https://m.media-amazon.com/images/I/513DNBgQKhL.jpg
B0751FNCWC,2,BlenderBottle Radian Shaker Cup Insulated Stainless Steel Water Bottle with Wire Whisk,26-Ounce,24.99,24.99,BlenderBottle,C02090,BlenderBottle Radian Shaker,4.25 x 10,14.08 oz,"15,156",4.6 out of 5 stars,https://www.amazon.com/BlenderBottle-Insulated-Stainless-Bottle-26-Ounce/dp/B0751FNCWC/,https://m.media-amazon.com/images/I/71RUc8ISTrL.jpg
B084PVS7CQ,2,BlenderBottle Strada Shaker Cup Perfect for Protein Shakes and Pre Workout,28-Ounce,14.99,,BlenderBottle,C04296,Strada Shaker Cup,4.34 x 8.98,8.3 oz,"2,751",4.8 out of 5 stars,https://www.amazon.com/BlenderBottle-Strada-Bottle-Locking-28-Ounce/dp/B084PVS7CQ/,https://m.media-amazon.com/images/I/51H+2tFrE0L.jpg
B01G96KGFM,2,Gatorade Shaker Bottle for Gym ,28 Ounce,11.40,11.99,Gatorade,10052000010562,Gatorade 28oz Premium Blender Bottle,5 x 10,5.2 oz,"3,901",4.7 out of 5 stars,https://www.amazon.com/Gatorade-Protein-Powder-Blender-Bottle/dp/B01G96KGFM/,https://m.media-amazon.com/images/I/61QPiXPBfoL.jpg
B0BSMJNQC9,2,Blender Bottle Special Edition 28 Oz. Shaker with Loop Top - Roses,,11.95,,Blender Bottle,C03068,,9.53 x 4.09 x 4.06,5.6 oz,11,3.8 out of 5 stars,https://www.amazon.com/BlenderBottle-Special-Oz-Shaker-Loop/dp/B0BSMJNQC9/,https://m.media-amazon.com/images/I/51PbZ1On-XL.jpg
B0BQJWZXLV,2,BrüMate MultiShaker Blender Shaker Bottle ,100% Leakproof Insulated Stainless Steel Shaker Bottle,34.99,,BrüMate,1,MultiShaker Blender Shaker Bottle,3.6 x 9.5,1.3 lbs,608,4.5 out of 5 stars,https://www.amazon.com/Br%C3%BCMate-MultiShaker-Leakproof-Insulated-Stainless/dp/B0BQJWZXLV/,https://m.media-amazon.com/images/I/61Rl96810kL.jpg
B08528M211,2,Shaker Bottle Blender with Classic Loop Top (BPA Free) – Best Protein Powder/Fruit Juice Mixer with Whisk Ball- 16 oz (Pink),,7.99,9.99,EBAT,,Not available,6.5 x 3.74 x 3.5,3.84 oz,"2,748",4.3 out of 5 stars,https://www.amazon.com/Blender-Shaker-Bottle-Classic-Loop/dp/B08528M211/,https://m.media-amazon.com/images/I/81MO7icHGpL.jpg
B07C81F48R,2,BlenderBottle Shaker Bottle Pro Series Perfect for Protein Shakes and Pre Workout,24-Ounce,13.98,,BlenderBottle,C03102,Shaker Bottle Pro Series,4.1 x 7.9,0.64 oz,"43,907",4.7 out of 5 stars,https://www.amazon.com/BlenderBottle-Shaker-Bottle-24-Ounce-Black/dp/B07C81F48R/,https://m.media-amazon.com/images/I/71XRC23uTJL.jpg
B081PNST2D,2,BlenderBottle Classic V2 Shaker Bottle Perfect for Protein Shakes and Pre Workout,28-Ounce (2 Pack),16.47,19.99,BlenderBottle,SC01730,Classic V2 Shaker Bottle,3.81 x 8.94,14.4 oz,607,4.7 out of 5 stars,https://www.amazon.com/BlenderBottle-Classic-28-Ounce-Shaker-Bottle/dp/B081PNST2D/,https://m.media-amazon.com/images/I/81k6Gh+QMDL.jpg
B07TL6PNLH,2,BlenderBottle Classic V2 Shaker Bottle Perfect for Protein Shakes and Pre Workout,20-Ounce,9.99,,BlenderBottle,C03595,Classic V2 Shaker Bottle,3.81 x 6.91,1 oz,"95,588",4.7 out of 5 stars,https://www.amazon.com/BlenderBottle-C03595-Classic-Bottle-20-Ounce/dp/B07TL6PNLH/,https://m.media-amazon.com/images/I/51piu6j7qOL.jpg
B081PH1H6H,2,BlenderBottle Classic V2 Shaker Bottle Perfect for Protein Shakes and Pre Workout,20-Ounce (3-Pack) Red,20.86,26.97,BlenderBottle,SC01729,Classic V2 Shaker Bottle,3.81 x 6.91,1.19 lbs,"2,134",4.8 out of 5 stars,https://www.amazon.com/BlenderBottle-Classic-Perfect-Protein-20-Ounce/dp/B081PH1H6H/,https://m.media-amazon.com/images/I/81Df+skjS6L.jpg
