product_id,marketplace_id,product_title,title_desc,product_price,list_price,manufacturer,upc,model_name,product_dimensions,product_weight,customer_ratings,average_rating,listing_url,image_url,seller_name,seller_url
B08CYD3WQ2,2,The Honest Company Sanitizing Alcohol Wipes ,Kills 99% of Germs,7.35,13.99,,,,,,"5,506",4.6 out of 5 stars,https://www.amazon.com/dp/B08CYD3WQ2,https://m.media-amazon.com/images/I/51PYk5eefbL.jpg,SENSATION,/gp/help/seller/at-a-glance.html/ref=dp_merchant_link?ie=UTF8&seller=A2Y9759Y60YYXD&asin=B08CYD3WQ2&ref_=dp_merchant_link
B08B27V5MY,2,The Honest Company Silicone-Free Conditioner & 2-in-1 Cleansing Shampoo + Body Wash Duo ,Gentle for Baby,10.99,,,,,,,"2,906",4.7 out of 5 stars,https://www.amazon.com/dp/B08B27V5MY,https://m.media-amazon.com/images/I/31u219HFtnL.jpg,,
B07G4T8ZG7,2,The Honest Company Clean Conscious Diapers ,Plant-Based,16.99,,,,,,,"39,874",4.6 out of 5 stars,https://www.amazon.com/dp/B07G4T8ZG7,https://m.media-amazon.com/images/I/81gHUMEK1TL.jpg,,
B07F462B2D,2,Honest Beauty 2-in-1 Extreme Length Clean Mascara + Lash Primer ,Lengthening + Volumizing,18.98,,,,,,,"17,932",4.2 out of 5 stars,https://www.amazon.com/dp/B07F462B2D,https://m.media-amazon.com/images/I/210TXgp47zL.jpg,,
B072QXWXS6,2,The Honest Company 2-in-1 Cleansing Shampoo + Body Wash ,Gentle for Baby,10.99,,,,,,,"6,224",4.7 out of 5 stars,https://www.amazon.com/dp/B072QXWXS6,https://m.media-amazon.com/images/I/518ZzlvNq5L.jpg,,
B086LKQDJG,2,The Honest Company Clean Conscious Wipes ,99% Water,66.99,,,,,,,"5,311",4.9 out of 5 stars,https://www.amazon.com/dp/B086LKQDJG,https://m.media-amazon.com/images/I/41jgHxvkskL.jpg,,
B01LDZJHAE,2,The Honest Company Foaming Bubble Bath ,Gentle for Baby,21.45,,,,,,,"21,599",4.7 out of 5 stars,https://www.amazon.com/dp/B01LDZJHAE,https://m.media-amazon.com/images/I/31SmpPjiz3L.jpg,,
B013C9OKVU,2,The Honest Company Clean Conscious Wipes ,99% Water,18.99,,,,,,,"6,163",4.8 out of 5 stars,https://www.amazon.com/dp/B013C9OKVU,https://m.media-amazon.com/images/I/41hpCoA55QL.jpg,,
B01M4QMQ4B,2,The Honest Company 2-in-1 Cleansing Shampoo + Body Wash ,Gentle for Baby,10.97,,,,,,,"13,905",4.8 out of 5 stars,https://www.amazon.com/dp/B01M4QMQ4B,https://m.media-amazon.com/images/I/31qgvgy2-GL.jpg,,
B07NTS4RDR,2,Honest Beauty Tinted Lip Balm ,Antioxidant-rich Acai Extracts + Avocado Oil,9.99,,,,,,,"18,203",4.3 out of 5 stars,https://www.amazon.com/dp/B07NTS4RDR,https://m.media-amazon.com/images/I/110yce6OZPL.jpg,,
B07M7C2MPJ,2,Honest Beauty Hydrogel Cream with Hyaluronic Acid,Jojoba,14.63,,,,,,,"6,726",4.4 out of 5 stars,https://www.amazon.com/dp/B07M7C2MPJ,https://m.media-amazon.com/images/I/31f03KMOl3L.jpg,,
B00KFITCXS,2,The Honest Company Organic Baby Diaper Rash Cream ,Moisturizing + Calming Zinc Oxide Ointment,10.97,,,,,,,"7,290",4.7 out of 5 stars,https://www.amazon.com/dp/B00KFITCXS,https://m.media-amazon.com/images/I/61JHiQVtzFL.jpg,,
B07G4TDMBB,2,The Honest Company Clean Conscious Diapers ,Plant-Based,29.99,,,,,,,"39,874",4.6 out of 5 stars,https://www.amazon.com/dp/B07G4TDMBB,https://m.media-amazon.com/images/I/71lw62YB84L.jpg,,
B0958JYLZN,2,The Honest Company Hydrate + Cleanse Benefit Wipes ,Cleansing Multi-Tasking Wipes,5.60,,,,,,,"1,407",4.4 out of 5 stars,https://www.amazon.com/dp/B0958JYLZN,https://m.media-amazon.com/images/I/31CPlcxxecL.jpg,,
B08VJCRKBB,2,The Honest Company Clean Conscious Diapers ,Plant-Based,24.51,,,,,,,"39,874",4.6 out of 5 stars,https://www.amazon.com/dp/B08VJCRKBB,https://m.media-amazon.com/images/I/7101o3ndpvL.jpg,,
B00W9P0J28,2,The Honest Company Hydrating Face + Body Lotion ,Fast Absorbing,9.00,,,,,,,"3,925",4.6 out of 5 stars,https://www.amazon.com/dp/B00W9P0J28,https://m.media-amazon.com/images/I/51+TqVNpeZL.jpg,MACSM Group,/gp/help/seller/at-a-glance.html/ref=dp_merchant_link?ie=UTF8&seller=A1A9SBHLNPLEHV&asin=B00W9P0J28&ref_=dp_merchant_link
B07W34TCV7,2,The Honest Company Baby Arrival Gift Set ,Newborn Essentials Welcome Box,38.24,,,,,,,479,4.8 out of 5 stars,https://www.amazon.com/dp/B07W34TCV7,https://m.media-amazon.com/images/I/81MTkBqaKGL.jpg,,
B07CJRPKNX,2,The Honest Company Plant-Based Hand Sanitizer Spray ,Kills 99.9% of Germs,15.56,,,,,,,"4,679",4.6 out of 5 stars,https://www.amazon.com/dp/B07CJRPKNX,https://m.media-amazon.com/images/I/21-SgjeuP8L.jpg,,
B07F4JYZNG,2,Honest Beauty Makeup Remover Facial Wipes ,EWG Verified,5.99,,,,,,,"6,126",4.4 out of 5 stars,https://www.amazon.com/dp/B07F4JYZNG,https://m.media-amazon.com/images/I/31QwGfCMfKL.jpg,,
B0B93C42Y7,2,Tiyol Bubble Machine Bath Toys,Automatic Bubble Maker for Toddlers,16.97,,18 months - 6 years,,,8.66 x 3.15 x 6.1,14.9 oz,581,3.3 out of 5 stars,https://www.amazon.com/dp/B0B93C42Y7,https://m.media-amazon.com/images/I/61rmusmp+WL.jpg,GuPeiSongWangLuoKe,/gp/help/seller/at-a-glance.html/ref=dp_merchant_link?ie=UTF8&seller=A1S1B7X1GN1CKS&asin=B0B93C42Y7&ref_=dp_merchant_link
B08VJF85M9,2,The Honest Company Clean Conscious Diapers ,Plant-Based,24.51,,,,,,,"39,874",4.6 out of 5 stars,https://www.amazon.com/dp/B08VJF85M9,https://m.media-amazon.com/images/I/71f4HAZ71LL.jpg,,
B07GT84JF1,2,The Honest Company Clean Conscious Diapers ,Plant-Based,27.99,,,,,,,"39,874",4.6 out of 5 stars,https://www.amazon.com/dp/B07GT84JF1,https://m.media-amazon.com/images/I/81-hFd6Fd9L.jpg,,
B07GS3Q397,2,The Honest Company Clean Conscious Diapers ,Plant-Based,29.97,,,,,,,"39,874",4.6 out of 5 stars,https://www.amazon.com/dp/B07GS3Q397,https://m.media-amazon.com/images/I/71K2YHu29mL.jpg,,
B07G4V2J1P,2,The Honest Company Clean Conscious Diapers ,Plant-Based,29.99,,,,,,,"39,874",4.6 out of 5 stars,https://www.amazon.com/dp/B07G4V2J1P,https://m.media-amazon.com/images/I/81SQPln3rfL.jpg,,
B01NBNG19Y,2,The Honest Company Clean Conscious Overnight Diapers ,Plant-Based,29.97,,,,,,,"2,685",4.4 out of 5 stars,https://www.amazon.com/dp/B01NBNG19Y,https://m.media-amazon.com/images/I/41UN3Dmyi5L.jpg,,
B07B14D6MD,2,The Honest Company Clean Conscious Wipes ,99% Water,18.99,,,,,,,"1,936",4.8 out of 5 stars,https://www.amazon.com/dp/B07B14D6MD,https://m.media-amazon.com/images/I/41MVJyXW38L.jpg,,
B01MUOX7PP,2,The Honest Company 2-in-1 Cleansing Shampoo + Body Wash and Face + Body Lotion Bundle ,Gentle for Baby,15.98,,,,,,,"8,243",4.7 out of 5 stars,https://www.amazon.com/dp/B01MUOX7PP,https://m.media-amazon.com/images/I/71RzQKrQYTL.jpg,,
B01JK164JU,2,The Honest Company Hydrating Face + Body Lotion ,Fast Absorbing,10.99,,,,,,,"4,332",4.7 out of 5 stars,https://www.amazon.com/dp/B01JK164JU,https://m.media-amazon.com/images/I/61eqy8WZNNL.jpg,,
B00QO2UNR8,2,The Honest Company Silicone-Free Conditioner ,Gentle for Baby,11.99,,,,,,,"4,754",4.7 out of 5 stars,https://www.amazon.com/dp/B00QO2UNR8,https://m.media-amazon.com/images/I/61zet+C-sCL.jpg,,
B00EHD9872,2,The Honest Company 2-in-1 Cleansing Shampoo + Body Wash ,Gentle for Baby,11.99,,,,,,,"9,680",4.7 out of 5 stars,https://www.amazon.com/dp/B00EHD9872,https://m.media-amazon.com/images/I/313ToES9ACL.jpg,,
B07G4F4KCZ,2,The Honest Company Clean Conscious Diapers ,Plant-Based,32.99,,,,,,,"39,874",4.6 out of 5 stars,https://www.amazon.com/dp/B07G4F4KCZ,https://m.media-amazon.com/images/I/81h9VxWi2pL.jpg,,
B099R2D5YF,2,The Honest Company Clean Conscious Wipes ,99% Water,8.06,,,,,,,"1,140",4.7 out of 5 stars,https://www.amazon.com/dp/B099R2D5YF,https://m.media-amazon.com/images/I/31OPtWheonL.jpg,,
B08VJF28LP,2,The Honest Company Clean Conscious Diapers ,Plant-Based,24.51,,,,,,,"39,874",4.6 out of 5 stars,https://www.amazon.com/dp/B08VJF28LP,https://m.media-amazon.com/images/I/715MXc8HVhL.jpg,,
B07F458BRP,2,Honest Beauty Gentle Gel Everyday Face Cleanser ,Calms + Refreshes,14.63,,,,,,,"3,996",4.6 out of 5 stars,https://www.amazon.com/dp/B07F458BRP,https://m.media-amazon.com/images/I/21SNUluk5KL.jpg,,
B0BWLVVG26,2,The Honest Company Babe's Mini Must Haves Gift Set ,Travel Size Lavender Shampoo + Body Wash (2 fl oz),11.99,14.99,,,,,,202,4.7 out of 5 stars,https://www.amazon.com/dp/B0BWLVVG26,https://m.media-amazon.com/images/I/411JgOOePAL.jpg,,
B0BWGZH14G,2,The Honest Company Clean Conscious Wipes ,99% Water,3.99,,,,,,,612,4.7 out of 5 stars,https://www.amazon.com/dp/B0BWGZH14G,https://m.media-amazon.com/images/I/31qx2kncMTL.jpg,,
B01N4GT43N,2,The Honest Company Clean Conscious Overnight Diapers ,Plant-Based,27.99,,,,,,,"2,617",4.7 out of 5 stars,https://www.amazon.com/dp/B01N4GT43N,https://m.media-amazon.com/images/I/41HDVB2GkyL.jpg,,
B08128SXCQ,2,The Honest Company Truly Calming Shampoo & Body Wash (2 X 17 Fl Oz)Total Net Wt (34 Fl Oz),(),20.50,,,,,,,632,4.7 out of 5 stars,https://www.amazon.com/dp/B08128SXCQ,https://m.media-amazon.com/images/I/519Kb0BGqXL.jpg,Fulfilled With Love,/gp/help/seller/at-a-glance.html/ref=dp_merchant_link?ie=UTF8&seller=A1W825Q0JPG8NM&asin=B08128SXCQ&ref_=dp_merchant_link&isAmazonFulfilled=1
B07GS7PWF1,2,The Honest Company Clean Conscious Diapers ,Plant-Based,50.99,,,,,,,"39,874",4.6 out of 5 stars,https://www.amazon.com/dp/B07GS7PWF1,https://m.media-amazon.com/images/I/81iI7oV8UlL.jpg,,
B01N5LEMIW,2,The Honest Company Clean Conscious Overnight Diapers ,Plant-Based,50.99,,,,,,,"2,783",4.6 out of 5 stars,https://www.amazon.com/dp/B01N5LEMIW,https://m.media-amazon.com/images/I/41OSm88ihcL.jpg,,
B07ZJ1BQBT,2,The Honest Company 2-in-1 Cleansing Shampoo + Body Wash and Face Lotion Bundle ,Gentle for Baby,20.50,,,,,,,"8,243",4.7 out of 5 stars,https://www.amazon.com/dp/B07ZJ1BQBT,https://m.media-amazon.com/images/I/71nu9R0tgKL.jpg,,
B07G4S4B1Y,2,The Honest Company Clean Conscious Diapers ,Plant-Based,27.99,,,,,,,"39,874",4.6 out of 5 stars,https://www.amazon.com/dp/B07G4S4B1Y,https://m.media-amazon.com/images/I/813oGZ+FDOL.jpg,,
B01MS075EA,2,The Honest Company Clean Conscious Overnight Diapers ,Plant-Based,29.97,,,,,,,"3,894",4.6 out of 5 stars,https://www.amazon.com/dp/B01MS075EA,https://m.media-amazon.com/images/I/41M5FWApxiL.jpg,,
B072MZ562L,2,The Honest Company Foaming Bubble Bath ,Gentle for Baby,10.97,,,,,,,"4,166",4.7 out of 5 stars,https://www.amazon.com/dp/B072MZ562L,https://m.media-amazon.com/images/I/31IBzaRpI-L.jpg,,
B07G4VKGV9,2,The Honest Company Clean Conscious Diapers ,Plant-Based,32.99,,,,,,,"39,874",4.6 out of 5 stars,https://www.amazon.com/dp/B07G4VKGV9,https://m.media-amazon.com/images/I/81yi+eRiREL.jpg,,
B07GS7Q3YM,2,The Honest Company Clean Conscious Diapers ,Plant-Based,50.99,,,,,,,"39,874",4.6 out of 5 stars,https://www.amazon.com/dp/B07GS7Q3YM,https://m.media-amazon.com/images/I/81jTCEbFW0L.jpg,,
B015HTK6FM,2,The Honest Company Organic Body Oil ,Gentle for Baby,15.69,,,,,,,"3,735",4.5 out of 5 stars,https://www.amazon.com/dp/B015HTK6FM,https://m.media-amazon.com/images/I/31MsHltxhdL.jpg,,
B07GS7Q3YW,2,The Honest Company Clean Conscious Diapers ,Plant-Based,27.99,,,,,,,"39,874",4.6 out of 5 stars,https://www.amazon.com/dp/B07GS7Q3YW,https://m.media-amazon.com/images/I/71yafKJLWrL.jpg,,
B07GSH6SGQ,2,The Honest Company Clean Conscious Diapers ,Plant-Based,50.99,,,,,,,"39,874",4.6 out of 5 stars,https://www.amazon.com/dp/B07GSH6SGQ,https://m.media-amazon.com/images/I/819z1d8MxQL.jpg,,
B08QPX7YPY,2,The Honest Company Baby Diaper Rash Cream Spray ,Moisturizing + Calming Zinc Oxide,9.99,,,,,,,"2,169",4.4 out of 5 stars,https://www.amazon.com/dp/B08QPX7YPY,https://m.media-amazon.com/images/I/51EPeLXixWL.jpg,,
B084W9Y7HN,2,The Honest Company Eczema Soothing Therapy Cream + Skin Protectant ,Naturally Derived,13.80,,,,,,,"1,922",4.6 out of 5 stars,https://www.amazon.com/dp/B084W9Y7HN,https://m.media-amazon.com/images/I/31d9ZCtke+L.jpg,,
B071K5T5Q2,2,The Honest Company Silicone-Free Conditioner ,Gentle for Baby,11.99,,,,,,,"2,455",4.7 out of 5 stars,https://www.amazon.com/dp/B071K5T5Q2,https://m.media-amazon.com/images/I/611FBO3VPoL.jpg,,
B08YPSSPFH,2,The Honest Company Honest Mama Body + Belly Bump Love Bundle ,Moisturizing,12.74,,,,,,,448,4.6 out of 5 stars,https://www.amazon.com/dp/B08YPSSPFH,https://m.media-amazon.com/images/I/41UY01RDgqL.jpg,,
B08PY5592F,2,The Honest Company Honest Mama Me Moment Soaking Salts ,Calming,12.74,,,,,,,453,4.7 out of 5 stars,https://www.amazon.com/dp/B08PY5592F,https://m.media-amazon.com/images/I/614vR8-tPzL.jpg,,
B07G4V2J28,2,The Honest Company Clean Conscious Diapers ,Plant-Based,36.99,,,,,,,"39,874",4.6 out of 5 stars,https://www.amazon.com/dp/B07G4V2J28,https://m.media-amazon.com/images/I/81PaOaLdGkL.jpg,,
B08WXRPCNQ,2,The Honest Company Conditioning Hair Detangler ,Leave-in Conditioner + Fortifying Spray,5.99,,,,,,,"3,213",4.5 out of 5 stars,https://www.amazon.com/dp/B08WXRPCNQ,https://m.media-amazon.com/images/I/313a1LAlwpL.jpg,,
B07DTJM47S,2,The Honest Company 2-in-1 Cleansing Shampoo + Body Wash ,Gentle for Baby,15.29,,,,,,,"2,123",4.8 out of 5 stars,https://www.amazon.com/dp/B07DTJM47S,https://m.media-amazon.com/images/I/31i2A+I-yoL.jpg,,
B079W1JWQT,2,The Honest Company Organic All Purpose Balm ,Gentle for Baby,30.50,,,,,,,"4,127",4.7 out of 5 stars,https://www.amazon.com/dp/B079W1JWQT,https://m.media-amazon.com/images/I/31eCpR7I6vL.jpg,,
B094ZB1C9P,2,The Honest Company Nourish + Cleanse Benefit Wipes ,Cleansing Multi-Tasking Wipes,18.99,,,,,,,642,4.8 out of 5 stars,https://www.amazon.com/dp/B094ZB1C9P,https://m.media-amazon.com/images/I/41zbtwPnNxL.jpg,,
B08CYBPHNF,2,The Honest Company Dry Baby Wipes ,100% Organic Cotton,32.95,,,,,,,767,4.6 out of 5 stars,https://www.amazon.com/dp/B08CYBPHNF,https://m.media-amazon.com/images/I/713gdm1bLIL.jpg,,
B01MQYUM3N,2,The Honest Company Silicone-Free Conditioner ,Gentle for Baby,11.99,,,,,,,"4,267",4.7 out of 5 stars,https://www.amazon.com/dp/B01MQYUM3N,https://m.media-amazon.com/images/I/31a71cW8bjL.jpg,,
B09FW4P7D6,2,HONEST The Honest Company Bubble Bath,Truly Calming Lavender,11.99,,,,,,,"1,056",4.7 out of 5 stars,https://www.amazon.com/dp/B09FW4P7D6,https://m.media-amazon.com/images/I/71WXfxkNmOL.jpg,Bright Horizon Enterprises,/gp/help/seller/at-a-glance.html/ref=dp_merchant_link?ie=UTF8&seller=A36SCTCWJ5OOZU&asin=B09FW4P7D6&ref_=dp_merchant_link&isAmazonFulfilled=1
B08FQV45RQ,2,The Honest Company Plant-Based Hand Sanitizer Spray ,Kills 99.9% of Germs,15.56,10.99,,,,,,"1,165",4.6 out of 5 stars,https://www.amazon.com/dp/B08FQV45RQ,https://m.media-amazon.com/images/I/41BDLz92PVL.jpg,SENSATION,/gp/help/seller/at-a-glance.html/ref=dp_merchant_link?ie=UTF8&seller=A2Y9759Y60YYXD&asin=B08FQV45RQ&ref_=dp_merchant_link
B07NTPQRKV,2,Honest Beauty Vitamin C Radiance Brightening Serum ,Improves Skin Tone + Complexion,16.08,,,,,,,"2,900",4.4 out of 5 stars,https://www.amazon.com/dp/B07NTPQRKV,https://m.media-amazon.com/images/I/21itK31hC3L.jpg,,
B07LBGYN7P,2,The Honest Company Hydrating Face + Body Lotion ,Fast Absorbing,9.00,,,,,,,"2,014",4.4 out of 5 stars,https://www.amazon.com/dp/B07LBGYN7P,https://m.media-amazon.com/images/I/61xU8S+-vFL.jpg,,
B07G4QSMLS,2,The Honest Company Clean Conscious Diapers ,Plant-Based,22.52,,,,,,,"39,874",4.6 out of 5 stars,https://www.amazon.com/dp/B07G4QSMLS,https://m.media-amazon.com/images/I/81aOBcpdnuL.jpg,,
B01NASH63G,2,The Honest Company Clean Conscious Wipes ,99% Water,18.99,,,,,,,"10,598",4.8 out of 5 stars,https://www.amazon.com/dp/B01NASH63G,https://m.media-amazon.com/images/I/51gAiEINB8L.jpg,,
B013ILBOZ2,2,The Honest Company Love The Tatas Postnatal Lactation Plus Supplement ,NSF-Certified,13.16,,,,,,,"2,475",4.0 out of 5 stars,https://www.amazon.com/dp/B013ILBOZ2,https://m.media-amazon.com/images/I/31y9V3X8-rL.jpg,sandlop,/gp/help/seller/at-a-glance.html/ref=dp_merchant_link?ie=UTF8&seller=A1IR99TCBMHG4D&asin=B013ILBOZ2&ref_=dp_merchant_link
B07SH6HN2X,2,The Honest Company Clean Conscious Wipes ,99% Water,18.99,,,,,,,"3,727",4.8 out of 5 stars,https://www.amazon.com/dp/B07SH6HN2X,https://m.media-amazon.com/images/I/41gPQfHyTeL.jpg,,
B07GSB884R,2,The Honest Company Clean Conscious Diapers ,Plant-Based,59.98,,,,,,,"39,874",4.6 out of 5 stars,https://www.amazon.com/dp/B07GSB884R,https://m.media-amazon.com/images/I/8140sAFvekL.jpg,,
B08PY537DK,2,The Honest Company Honest Mama Glow On Body + Belly Oil ,Organic,13.49,,,,,,,703,4.6 out of 5 stars,https://www.amazon.com/dp/B08PY537DK,https://m.media-amazon.com/images/I/51Y05gRu7FL.jpg,,
B08ZKSND9V,2,The Honest Company Clean Conscious Training Pants ,Plant-Based,26.06,,,,,,,268,4.0 out of 5 stars,https://www.amazon.com/dp/B08ZKSND9V,https://m.media-amazon.com/images/I/51-TmbUKXfL.jpg,,
B0958CJQ8N,2,The Honest Company Nourish + Cleanse Benefit Wipes ,Cleansing Multi-Tasking Wipes,3.99,,,,,,,810,4.5 out of 5 stars,https://www.amazon.com/dp/B0958CJQ8N,https://m.media-amazon.com/images/I/31vcxJbiGXL.jpg,,
B08PXP59L6,2,The Honest Company Honest Mama Calm Your Nip Balm ,USDA Certified Organic Nipple Cream,13.49,,,,,,,"1,085",4.7 out of 5 stars,https://www.amazon.com/dp/B08PXP59L6,https://m.media-amazon.com/images/I/31yjQegoQvL.jpg,,
B07CL6X8SZ,2,The Honest Company Plant-Based Hand Sanitizer Spray ,Kills 99.9% of Germs,15.56,,,,,,,"2,809",4.1 out of 5 stars,https://www.amazon.com/dp/B07CL6X8SZ,https://m.media-amazon.com/images/I/310ruC39OYL.jpg,SENSATION,/gp/help/seller/at-a-glance.html/ref=dp_merchant_link?ie=UTF8&seller=A2Y9759Y60YYXD&asin=B07CL6X8SZ&ref_=dp_merchant_link
B0BJYL9L9K,2,The Honest Company Clean Conscious Diapers ,Plant-Based,29.99,,,,,,,73,4.5 out of 5 stars,https://www.amazon.com/dp/B0BJYL9L9K,https://m.media-amazon.com/images/I/8170baX62SL.jpg,,
B00PZAS6K6,2,The Honest Company Love the Bump Prenatal Once Daily Supplement ,NSF-Certified,20.29,,,,,,,"1,397",4.4 out of 5 stars,https://www.amazon.com/dp/B00PZAS6K6,https://m.media-amazon.com/images/I/316RKOsFP7L.jpg,,
B0BDZG8BCT,2,The Honest Company Diaper Cake ,Clean Conscious Diapers,44.82,,,,,,,240,4.8 out of 5 stars,https://www.amazon.com/dp/B0BDZG8BCT,https://m.media-amazon.com/images/I/71NClmtGq4L.jpg,,
B0BJZB8JDZ,2,The Honest Company Clean Conscious Diapers ,Plant-Based,29.99,,,,,,,51,4.9 out of 5 stars,https://www.amazon.com/dp/B0BJZB8JDZ,https://m.media-amazon.com/images/I/81ysr64KBLL.jpg,,
B083ZSNZYQ,2,Honest Beauty CCC Clean Corrective with Vitamin C Tinted Moisturizer ,Mineral SPF 30,21.50,26.99,,,,,,"3,597",4.1 out of 5 stars,https://www.amazon.com/dp/B083ZSNZYQ,https://m.media-amazon.com/images/I/211ije1pyfL.jpg,Cheapthrills4u,/gp/help/seller/at-a-glance.html/ref=dp_merchant_link?ie=UTF8&seller=A11CKVLX5S1DRF&asin=B083ZSNZYQ&ref_=dp_merchant_link
B0BFPGH83H,2,The Honest Company Conditioning Hair Detangler ,Leave-in Conditioner + Fortifying Spray,5.99,,,,,,,827,4.6 out of 5 stars,https://www.amazon.com/dp/B0BFPGH83H,https://m.media-amazon.com/images/I/31+z5Ms8VHL.jpg,,
B07DTQSYMS,2,The Honest Company 2-in-1 Cleansing Shampoo + Body Wash ,Gentle for Baby,10.97,,,,,,,"2,864",4.7 out of 5 stars,https://www.amazon.com/dp/B07DTQSYMS,https://m.media-amazon.com/images/I/317TgZpF1TL.jpg,,
B097KMD2GF,2,The Honest Company Clean Conscious Wipes ,99% Water,18.99,,,,,,,"1,012",4.8 out of 5 stars,https://www.amazon.com/dp/B097KMD2GF,https://m.media-amazon.com/images/I/41RmaFHclgL.jpg,,
B07GT3KL27,2,The Honest Company Clean Conscious Diapers ,Plant-Based,29.97,,,,,,,"39,874",4.6 out of 5 stars,https://www.amazon.com/dp/B07GT3KL27,https://m.media-amazon.com/images/I/81AWmzIARzL.jpg,,
B08PXS6FKC,2,The Honest Company Honest Mama Rock The Bump Body Butter ,Moisturizing Stretch Mark Cream,13.49,19.99,,,,,,737,4.5 out of 5 stars,https://www.amazon.com/dp/B08PXS6FKC,https://m.media-amazon.com/images/I/21j4jK4d-gL.jpg,Joeys palace,/gp/help/seller/at-a-glance.html/ref=dp_merchant_link?ie=UTF8&seller=A1JH6DMA7A9ZIB&asin=B08PXS6FKC&ref_=dp_merchant_link
B08ZKS96ZF,2,The Honest Company Clean Conscious Training Pants ,Plant-Based,26.06,,,,,,,496,4.2 out of 5 stars,https://www.amazon.com/dp/B08ZKS96ZF,https://m.media-amazon.com/images/I/51-kwyctfYL.jpg,,
B0BJYNDZR2,2,The Honest Company Clean Conscious Diapers ,Plant-Based,29.99,,,,,,,55,4.7 out of 5 stars,https://www.amazon.com/dp/B0BJYNDZR2,https://m.media-amazon.com/images/I/71ImJcYgKXL.jpg,,
B07VMMJ5Y5,2,The Honest Company Eczema Soothing Therapy Cleansing Body Wash ,Naturally Derived,10.99,,,,,,,"1,522",4.4 out of 5 stars,https://www.amazon.com/dp/B07VMMJ5Y5,https://m.media-amazon.com/images/I/314kPUs8UEL.jpg,,
B01DJYNMNA,2,The Honest Company Hydrating Face + Body Lotion ,Fast Absorbing,10.99,,,,,,,"1,500",4.2 out of 5 stars,https://www.amazon.com/dp/B01DJYNMNA,https://m.media-amazon.com/images/I/615MTFWwHSL.jpg,,
B07LBNX3N3,2,The Honest Company Silicone-Free Conditioner ,Gentle for Baby,11.99,,,,,,,"2,553",4.7 out of 5 stars,https://www.amazon.com/dp/B07LBNX3N3,https://m.media-amazon.com/images/I/51I86aLJRAL.jpg,,
B07YXNCYLW,2,The Honest Company Clean Conscious Wipes ,99% Water,36.82,,,,,,,"2,178",4.8 out of 5 stars,https://www.amazon.com/dp/B07YXNCYLW,https://m.media-amazon.com/images/I/51mSWUSiaXL.jpg,,
B0BJZ6W29B,2,The Honest Company Clean Conscious Diapers ,Plant-Based,29.99,,,,,,,52,4.5 out of 5 stars,https://www.amazon.com/dp/B0BJZ6W29B,https://m.media-amazon.com/images/I/71Xs53Qk8yL.jpg,,
B07ZJ1L3VK,2,The Honest Company 2-in-1 Cleansing Shampoo + Body Wash and Face + Lotion Bundle ,Gentle for Baby,10.99,,,,,,,"8,243",4.7 out of 5 stars,https://www.amazon.com/dp/B07ZJ1L3VK,https://m.media-amazon.com/images/I/71+53KE7MAL.jpg,,
B08ZKQSMNB,2,The Honest Company Clean Conscious Training Pants ,Plant-Based,26.06,,,,,,,210,4.5 out of 5 stars,https://www.amazon.com/dp/B08ZKQSMNB,https://m.media-amazon.com/images/I/51YYz9bJl0L.jpg,,
B0BJZ9X9KL,2,The Honest Company Clean Conscious Diapers ,Plant-Based,29.99,,,,,,,57,4.7 out of 5 stars,https://www.amazon.com/dp/B0BJZ9X9KL,https://m.media-amazon.com/images/I/71p8S1wa2YL.jpg,,
B07G4NVGZM,2,The Honest Company Clean Conscious Diapers ,Plant-Based,22.58,,,,,,,"39,874",4.6 out of 5 stars,https://www.amazon.com/dp/B07G4NVGZM,https://m.media-amazon.com/images/I/81h0lPT2gnL.jpg,,
B09KL9SV91,2,Honest Beauty Stay Hydrated Hyaluronic Acid + NMF Serum ,Moisturizes + Reduces Fine Lines,19.95,,,,,,,199,4.5 out of 5 stars,https://www.amazon.com/dp/B09KL9SV91,https://m.media-amazon.com/images/I/219ZcPh9l0L.jpg,,
B08YJ18RM2,2,The Honest Company Sanitizing Alcohol Wipes ,Kills 99% of Germs,12.99,13.99,,,,,,256,4.6 out of 5 stars,https://www.amazon.com/dp/B08YJ18RM2,https://m.media-amazon.com/images/I/41nZVKFx1PS.jpg,FAMILY LIFE GOODS,/gp/help/seller/at-a-glance.html/ref=dp_merchant_link?ie=UTF8&seller=A199W64OQRKBCL&asin=B08YJ18RM2&ref_=dp_merchant_link
B07MYB51LS,2,The Honest Company - Eco-Friendly and Premium Disposable Diapers - Pandas,Size 3 (16-28 lbs),17.99,,,,,,,174,4.6 out of 5 stars,https://www.amazon.com/dp/B07MYB51LS,https://m.media-amazon.com/images/I/81lcWjbFBnL.jpg,,
B00IFWO8PI,2,The Honest Company Clean Conscious Wipes ,99% Water,18.99,,,,,,,"1,019",4.6 out of 5 stars,https://www.amazon.com/dp/B00IFWO8PI,https://m.media-amazon.com/images/I/41BC243LPhL.jpg,,
B0BNPNPJ4L,2,The Honest Company Clean Conscious Diapers ,Plant-Based,29.97,,,,,,,"39,874",4.6 out of 5 stars,https://www.amazon.com/dp/B0BNPNPJ4L,https://m.media-amazon.com/images/I/81yHnz00xvL.jpg,,
B00KC4GBMA,2,The Honest Company Soothing Baby Bottom Wash ,Gently Cleanses + Refreshes,10.99,,,,,,,591,4.5 out of 5 stars,https://www.amazon.com/dp/B00KC4GBMA,https://m.media-amazon.com/images/I/21UgxEVJjeL.jpg,,
B0C9H2F7PV,2,The Honest Company Plant-Based Flushable Wipes ,99% Water,32.49,,,,,,,92,4.6 out of 5 stars,https://www.amazon.com/dp/B0C9H2F7PV,https://m.media-amazon.com/images/I/51FEFVOj9oL.jpg,,
B0C7M3Q81W,2,The Honest Company Clean Conscious Diapers ,Plant-Based, ,,,,,,,"39,874",4.6 out of 5 stars,https://www.amazon.com/dp/B0C7M3Q81W,https://m.media-amazon.com/images/I/91fxgMngPGL.jpg,Amazon Warehouse,/b?node=10158976011
B07JBNP98Y,2,The Honest Company - Eco-Friendly and Premium Disposable Diapers - Pandas,Newborn Size (<10lbs.) 32 Ct.,69.97,,No,I00105085,,3.74 x 5.71 x 1.17,1.1 lbs,331,4.6 out of 5 stars,https://www.amazon.com/dp/B07JBNP98Y,https://m.media-amazon.com/images/I/413Pw5ir-jL.jpg,Everyday  Goods,/gp/help/seller/at-a-glance.html/ref=dp_merchant_link?ie=UTF8&seller=A1YW2UM9BMG7VW&asin=B07JBNP98Y&ref_=dp_merchant_link
B0BDZHP9RW,2,The Honest Company Diaper Cake ,Clean Conscious Diapers,46.74,49.99,,,,,,240,4.8 out of 5 stars,https://www.amazon.com/dp/B0BDZHP9RW,https://m.media-amazon.com/images/I/71t04sddhKL.jpg,,
B08YHZ3CD9,2,The Honest Company Sanitizing Alcohol Wipes ,Kills 99% of Germs,12.99,13.99,,,,,,258,4.5 out of 5 stars,https://www.amazon.com/dp/B08YHZ3CD9,https://m.media-amazon.com/images/I/31xuXZtJL2L.jpg,SENSATION,/gp/help/seller/at-a-glance.html/ref=dp_merchant_link?ie=UTF8&seller=A2Y9759Y60YYXD&asin=B08YHZ3CD9&ref_=dp_merchant_link
B07LBNG6HM,2,The Honest Company Foaming Bubble Bath ,Gentle for Baby,23.25,,,,,,,"3,514",4.7 out of 5 stars,https://www.amazon.com/dp/B07LBNG6HM,https://m.media-amazon.com/images/I/31IgbEiwahL.jpg,,
B099R1X5YR,2,The Honest Company Honest Mama's Gotta Glow Face and Body Wash ,Pregnancy-Safe Clarifying + Exfoliating AHA Cleanser,13.49,,,,,,,206,4.2 out of 5 stars,https://www.amazon.com/dp/B099R1X5YR,https://m.media-amazon.com/images/I/313Rze5y6FL.jpg,,
B0BYHN1CV9,2,The Honest Company Head to Toe Multi-Purpose Healing Ointment ,Gentle for Baby,12.74,,,,,,,83,4.2 out of 5 stars,https://www.amazon.com/dp/B0BYHN1CV9,https://m.media-amazon.com/images/I/31C6X0I0OqL.jpg,,
B07MY95KS5,2,THE HONEST COMPANY Pandas Size 1 Diapers,35 CT,16.99,,,,,,,100,4.5 out of 5 stars,https://www.amazon.com/dp/B07MY95KS5,https://m.media-amazon.com/images/I/41qlvWf5jOL.jpg,,
B084S1RVCN,2,The Honest Company Baby Wipes - 720 Count,72 Count (Pack of 10),49.99,,,,,,,417,4.7 out of 5 stars,https://www.amazon.com/dp/B084S1RVCN,https://m.media-amazon.com/images/I/71ta-8V3k1L.jpg,Lovinio,/gp/help/seller/at-a-glance.html/ref=dp_merchant_link?ie=UTF8&seller=A1PXYTJNWCR133&asin=B084S1RVCN&ref_=dp_merchant_link
B09PWNLH4T,2,The Honest Company Clean Conscious Diapers ,Plant-Based,28.54,,,,,,,"39,851",4.6 out of 5 stars,https://www.amazon.com/dp/B09PWNLH4T,https://m.media-amazon.com/images/I/81jh0hn0HaL.jpg,,
B0BN63KR9Z,2,The Honest Company Lavender Bathtime Essentials Bundle ,Shampoo + Body Wash,49.99,,,,,,,48,4.5 out of 5 stars,https://www.amazon.com/dp/B0BN63KR9Z,https://m.media-amazon.com/images/I/31i5URhsieL.jpg,,
B08HMNZCBQ,2,THE HONEST COMPANY Rose Blossom Size 1 Diapers,35 CT,29.99,18.85,,,,,,31,4.9 out of 5 stars,https://www.amazon.com/dp/B08HMNZCBQ,https://m.media-amazon.com/images/I/41F+lZIp7EL.jpg,Lovinio,/gp/help/seller/at-a-glance.html/ref=dp_merchant_link?ie=UTF8&seller=A1PXYTJNWCR133&asin=B08HMNZCBQ&ref_=dp_merchant_link
B08VJFB93Y,2,The Honest Company Clean Conscious Diapers ,Plant-Based,22.58,,,,,,,"39,874",4.6 out of 5 stars,https://www.amazon.com/dp/B08VJFB93Y,https://m.media-amazon.com/images/I/81OH4JxM2nL.jpg,,
B08PXYZ2S6,2,The Honest Company Honest Mama Chill Mama Soothing Jelly ,Cooling Formula for Itchy Skin,13.49,,,,,,,347,4.3 out of 5 stars,https://www.amazon.com/dp/B08PXYZ2S6,https://m.media-amazon.com/images/I/51FYdwyFycL.jpg,Etktradingpost,/gp/help/seller/at-a-glance.html/ref=dp_merchant_link?ie=UTF8&seller=A30DG7UTFHRNCE&asin=B08PXYZ2S6&ref_=dp_merchant_link
B015HTJ6F8,2,The Honest Company Foaming Bubble Bath ,Gentle for Baby,10.99,,,,,,,"4,325",4.7 out of 5 stars,https://www.amazon.com/dp/B015HTJ6F8,https://m.media-amazon.com/images/I/316ktNtXNZL.jpg,,
B07GS7CR84,2,The Honest Company Clean Conscious Diapers ,Plant-Based,50.99,,,,,,,"39,874",4.6 out of 5 stars,https://www.amazon.com/dp/B07GS7CR84,https://m.media-amazon.com/images/I/81cfjqxntYL.jpg,,
B0BM8B2R6G,2,The Honest Company Lavender Infused Calming Body Oil ,Gentle for Baby,9.34,,,,,,,85,4.4 out of 5 stars,https://www.amazon.com/dp/B0BM8B2R6G,https://m.media-amazon.com/images/I/31Dqsaf45vL.jpg,,
B07X3NN8PX,2,Honest Diaper Rash Cream,2.5 Ounce (3 Bottles),10.97,34.73,,,,,,123,4.6 out of 5 stars,https://www.amazon.com/dp/B07X3NN8PX,https://m.media-amazon.com/images/I/31OK6VxZsjL.jpg,Brand Name Deals,/gp/help/seller/at-a-glance.html/ref=dp_merchant_link?ie=UTF8&seller=A31PYNRLHYACO0&asin=B07X3NN8PX&ref_=dp_merchant_link&isAmazonFulfilled=1
B07FBT3VVG,2,The Honest Company Balm Organic All Purpose 3.4 ounces (2 Pack),,11.64,,,,,,,384,4.7 out of 5 stars,https://www.amazon.com/dp/B07FBT3VVG,https://m.media-amazon.com/images/I/31kIRKL6RlL.jpg,Evershine Goods,/gp/help/seller/at-a-glance.html/ref=dp_merchant_link?ie=UTF8&seller=A1243K9DYVG9U8&asin=B07FBT3VVG&ref_=dp_merchant_link
B07VMMHHS3,2,The Honest Company Eczema Soothing Therapy Balm + Skin Protectant ,Naturally Derived,12.74,,,,,,,927,4.4 out of 5 stars,https://www.amazon.com/dp/B07VMMHHS3,https://m.media-amazon.com/images/I/418ZKdAGfwL.jpg,,
B08PXV12BX,2,The Honest Company Honest Mama Sweet Curves Moisturizing Body Lotion for Sensitive Skin ,Plant-Based,13.49,14.99,,,,,,207,4.2 out of 5 stars,https://www.amazon.com/dp/B08PXV12BX,https://m.media-amazon.com/images/I/51Fb7FqpOzL.jpg,Moto's Bargain Mania,/gp/help/seller/at-a-glance.html/ref=dp_merchant_link?ie=UTF8&seller=APF0U6J3BFT0R&asin=B08PXV12BX&ref_=dp_merchant_link
B0C7M3SNZS,2,The Honest Company Clean Conscious Diapers ,Plant-Based,22.52,,,,,,,"39,874",4.6 out of 5 stars,https://www.amazon.com/dp/B0C7M3SNZS,https://m.media-amazon.com/images/I/81ij7YfEGBL.jpg,,
B07W865HGX,2,THE HONEST COMPANY Size 4 Tie Dye Diapers 23 Count,23 CT,18.85,,,,,,,125,4.6 out of 5 stars,https://www.amazon.com/dp/B07W865HGX,https://m.media-amazon.com/images/I/51aVgmjI7pL.jpg,Zulera,/gp/help/seller/at-a-glance.html/ref=dp_merchant_link?ie=UTF8&seller=A1BJ3DNIBBHXRX&asin=B07W865HGX&ref_=dp_merchant_link&isAmazonFulfilled=1
B07MY8Z917,2,The Honest Company - Eco-Friendly and Premium Disposable Diapers - Pandas,Size 5 (27+ lbs),16.99,,,,,,,107,4.3 out of 5 stars,https://www.amazon.com/dp/B07MY8Z917,https://m.media-amazon.com/images/I/81WuNpMQ-kL.jpg,Since 1901,/gp/help/seller/at-a-glance.html/ref=dp_merchant_link?ie=UTF8&seller=A1IZSD1S6WE00I&asin=B07MY8Z917&ref_=dp_merchant_link&isAmazonFulfilled=1
B07LBMKWWH,2,The Honest Company 2-in-1 Cleansing Shampoo + Body Wash ,Gentle for Baby,11.99,,,,,,,"5,161",4.7 out of 5 stars,https://www.amazon.com/dp/B07LBMKWWH,https://m.media-amazon.com/images/I/31iCUNak7AL.jpg,,
B01MDLIE2O,2,The Honest Company: Dreamy Lavender Scented Shampoo + Body Wash (10 oz) - Pack of 2,,10.99,,,,,,,239,4.7 out of 5 stars,https://www.amazon.com/dp/B01MDLIE2O,https://m.media-amazon.com/images/I/41nkz6OKdIL.jpg,,
B07HGM7TSQ,2,The Honest Company Honest Truly Calming Shampoo And Body Wash - Dreamy Lavender Kids Shampoo and Body Wash 10 oz,,Page 1 of 1  ,,,,,,,150,4.7 out of 5 stars,https://www.amazon.com/dp/B07HGM7TSQ,https://m.media-amazon.com/images/I/31lv-pHnWAL.jpg,,
B07RRLR93C,2,THE HONEST COMPANY Feeling Nauti Size 3 Diapers,27 CT,50.99,18.85,,,,,,19,4.3 out of 5 stars,https://www.amazon.com/dp/B07RRLR93C,https://m.media-amazon.com/images/I/51GxWOH7uDL.jpg,Lovinio,/gp/help/seller/at-a-glance.html/ref=dp_merchant_link?ie=UTF8&seller=A1PXYTJNWCR133&asin=B07RRLR93C&ref_=dp_merchant_link
B07Z7W7BD1,2,The Honest Company 2-in-1 Cleansing Shampoo + Body Wash ,Gentle for Baby,17.99,,,,,,,"1,255",4.8 out of 5 stars,https://www.amazon.com/dp/B07Z7W7BD1,https://m.media-amazon.com/images/I/31x2zg9GOoL.jpg,,
B08QRD795X,2,Honest Diapers,Size 2,35.99,,,,,,,26,4.3 out of 5 stars,https://www.amazon.com/dp/B08QRD795X,https://m.media-amazon.com/images/I/516+NCx6s-L.jpg,,
B0C7M31NC3,2,The Honest Company Clean Conscious Diapers ,Plant-Based,29.99,,,,,,,"39,874",4.6 out of 5 stars,https://www.amazon.com/dp/B0C7M31NC3,https://m.media-amazon.com/images/I/81PVoeRbI4L.jpg,,
B09FYNSYXT,2,The Honest Company Moisturizing Hand Cream ,Antioxidant-Packed for Dry Skin,9.76,,,,,,,191,4.3 out of 5 stars,https://www.amazon.com/dp/B09FYNSYXT,https://m.media-amazon.com/images/I/21Ts1dwZXZL.jpg,,
B015HTJH7U,2,Honest Diaper Rash Cream,2.5 Ounce,10.97,11.72,,,,,,109,4.6 out of 5 stars,https://www.amazon.com/dp/B015HTJH7U,https://m.media-amazon.com/images/I/41-hP4uXfvL.jpg,OTCRx4u,/gp/help/seller/at-a-glance.html/ref=dp_merchant_link?ie=UTF8&seller=A3KGCU4HM6EAVD&asin=B015HTJH7U&ref_=dp_merchant_link
B0BN63Y6WX,2,The Honest Company Sweet Almond Bathtime Essentials Bundle ,Shampoo + Body Wash,37.23,,,,,,,24,4.6 out of 5 stars,https://www.amazon.com/dp/B0BN63Y6WX,https://m.media-amazon.com/images/I/31WRBq46nUL.jpg,,
B0BWH9XJ27,2,The Honest Company Clean Conscious Wipes ,99% Water,4.99,,,,,,,179,4.8 out of 5 stars,https://www.amazon.com/dp/B0BWH9XJ27,https://m.media-amazon.com/images/I/310n93ccRkL.jpg,,
B07B191WPY,2,The Honest Company Clean Conscious Wipes ,99% Water,20.99,,,,,,,"2,414",4.8 out of 5 stars,https://www.amazon.com/dp/B07B191WPY,https://m.media-amazon.com/images/I/41VlK3CAruL.jpg,,
B0CHLLYHPP,2,The Honest Company Clean Conscious Diapers ,Plant-Based,29.99,,,,,,,8,4.8 out of 5 stars,https://www.amazon.com/dp/B0CHLLYHPP,https://m.media-amazon.com/images/I/81JxG1WMmIL.jpg,,
B011XKAG2W,2,The Honest Company Think Ahead Pre + Postnatal DHA Supplement ,NSF-Certified,19.99,,,,,,,900,4.6 out of 5 stars,https://www.amazon.com/dp/B011XKAG2W,https://m.media-amazon.com/images/I/412knqrGpvL.jpg,GNC,/gp/help/seller/at-a-glance.html/ref=dp_merchant_link?ie=UTF8&seller=AMZ2IE97LAP79&asin=B011XKAG2W&ref_=dp_merchant_link
B0BW371G4C,2,The Honest Company Clean Conscious Wipes ,100% Plant-Based,8.06,,No,817810011276,,,0.02 oz,31,4.4 out of 5 stars,https://www.amazon.com/dp/B0BW371G4C,https://m.media-amazon.com/images/I/31W5fAPoVjL.jpg,,
B0BTT629L5,2,The Honest Company Clean Conscious Diapers ,Plant-Based,29.99,,,,,,,"39,874",4.6 out of 5 stars,https://www.amazon.com/dp/B0BDZHFK3Y,https://m.media-amazon.com/images/I/81+jLKLd6fL.jpg,,
B08VJF82DF,2,The Honest Company Clean Conscious Diapers ,Plant-Based,35.99,,,,,,,"39,874",4.6 out of 5 stars,https://www.amazon.com/dp/B08VJF82DF,https://m.media-amazon.com/images/I/810D0WOpayL.jpg,,
B00A8VVPOG,2,The Honest Company Clean Conscious Wipes ,99% Water,18.99,,,,,,,837,4.7 out of 5 stars,https://www.amazon.com/dp/B00A8VVPOG,https://m.media-amazon.com/images/I/31HgTtQ1TBL.jpg,,
B0BWH8LMVL,2,The Honest Company Clean Conscious Wipes ,99% Water,5.58,,,,,,,239,4.8 out of 5 stars,https://www.amazon.com/dp/B0BWH8LMVL,https://m.media-amazon.com/images/I/31Mt8RxWbzL.jpg,,
B00VAAI7V8,2,Honest Company Diaper Rash Cream,2.5oz - 2 PACK,Page 1 of 1  ,,,,,,,123,4.6 out of 5 stars,https://www.amazon.com/dp/B00VAAI7V8,https://m.media-amazon.com/images/I/41smX9eaRmL.jpg,,
B07VRXP1VR,2,The Honest Company Clean Conscious Overnight Diapers ,Plant-Based,50.99,,,,,,,383,4.8 out of 5 stars,https://www.amazon.com/dp/B07VRXP1VR,https://m.media-amazon.com/images/I/41COCdf-8RL.jpg,,
B07MY9PF7Z,2,The Honest Company - Eco-Friendly and Premium Disposable Diapers - Pandas,Size 6 (35+ lbs),23.91,,,,,,,34,4.7 out of 5 stars,https://www.amazon.com/dp/B07MY9PF7Z,https://m.media-amazon.com/images/I/81PSsZQ4Y7L.jpg,Brick n Cyber,/gp/help/seller/at-a-glance.html/ref=dp_merchant_link?ie=UTF8&seller=A17PL5M6VJYRYO&asin=B07MY9PF7Z&ref_=dp_merchant_link&isAmazonFulfilled=1
B07P6DV92D,2,Honest Company Hand Sanitizer Spray Grapefruit Grove,,4.79,,,,,,,,,https://www.amazon.com/dp/B07P6DV92D,https://m.media-amazon.com/images/I/317zr7JAe9L.jpg,,
B07VLGYX9N,2,The Honest Company Clean Conscious Overnight Diapers ,Plant-Based,27.99,,,,,,,582,4.7 out of 5 stars,https://www.amazon.com/dp/B07VLGYX9N,https://m.media-amazon.com/images/I/41cnKYJBQOL.jpg,,
B0C7SVVT1J,2,The Honest Company Calm + Cleanse Benefit Wipes ,Cleansing Multi-Tasking Wipes,16.99,,,,,,,63,4.7 out of 5 stars,https://www.amazon.com/dp/B0C7SVVT1J,https://m.media-amazon.com/images/I/41sBrAR1bnL.jpg,,
B0BDZHJX1W,2,The Honest Company Diaper Cake ,Clean Conscious Diapers,69.95,,,,,,,240,4.8 out of 5 stars,https://www.amazon.com/dp/B0BDZHJX1W,https://m.media-amazon.com/images/I/71lXMz272wL.jpg,,
B0B1VS5HM9,2,The Honest Company Clean Conscious Diapers ,Plant-Based,22.52,,,,,,,"39,874",4.6 out of 5 stars,https://www.amazon.com/dp/B0B1VS5HM9,https://m.media-amazon.com/images/I/71h5p1TOQ1L.jpg,,
B0769XN5JT,2,The Honest Company Perfectly Gentle Sweet Shampoo and Body Wash with Naturally Derived Botanicals,Orange Vanilla,10.99,,,,,,,221,4.4 out of 5 stars,https://www.amazon.com/dp/B0769XN5JT,https://m.media-amazon.com/images/I/31DCubvFmfL.jpg,OTCRx4u,/gp/help/seller/at-a-glance.html/ref=dp_merchant_link?ie=UTF8&seller=A3KGCU4HM6EAVD&asin=B0769XN5JT&ref_=dp_merchant_link
B0CHLFJFBL,2,The Honest Company Clean Conscious Diapers ,Plant-Based,50.99,,,,,,,6,4.3 out of 5 stars,https://www.amazon.com/dp/B0CHLFJFBL,https://m.media-amazon.com/images/I/81phuGIEtfL.jpg,,
B07RNH8QW7,2,THE HONEST COMPANY Just Peachy Size 4 Diapers,23 CT,22.52,,,,,,,41,4.5 out of 5 stars,https://www.amazon.com/dp/B07RNH8QW7,https://m.media-amazon.com/images/I/41hO4SbPIjL.jpg,iHerb LLC,/gp/help/seller/at-a-glance.html/ref=dp_merchant_link?ie=UTF8&seller=A5T7SNJKP9EZX&asin=B07RNH8QW7&ref_=dp_merchant_link
B08CYD3WQ8,2,The Honest Company Dry Baby Wipes ,100% Organic Cotton,16.95,,,,,,,401,4.4 out of 5 stars,https://www.amazon.com/dp/B08CYD3WQ8,https://m.media-amazon.com/images/I/61+8u8dUxTL.jpg,,
B0B2KKWMWJ,2,HONEST The Honest Company Bubble Bathâ€¦ (Truly Calming Lavendar,17 Fl Oz (Pack of 2),21.45,,,,,,,117,4.8 out of 5 stars,https://www.amazon.com/dp/B0B2KKWMWJ,https://m.media-amazon.com/images/I/71lXvWq9YkL.jpg,The Haus Services,/gp/help/seller/at-a-glance.html/ref=dp_merchant_link?ie=UTF8&seller=A5VZJ6HMQIRSP&asin=B0B2KKWMWJ&ref_=dp_merchant_link
B0BTT6J66C,2,The Honest Company Clean Conscious Diapers ,Plant-Based,17.99,,,,,,,"39,874",4.6 out of 5 stars,https://www.amazon.com/dp/B0BTT6J66C,https://m.media-amazon.com/images/I/81L1jMDGeoL.jpg,,
B0BTT6WKYF,2,The Honest Company Clean Conscious Diapers ,Plant-Based,29.99,,,,,,,"39,874",4.6 out of 5 stars,https://www.amazon.com/dp/B0BTT6WKYF,https://m.media-amazon.com/images/I/81qocVd68aL.jpg,,
B07W867SBJ,2,THE HONEST COMPANY All The Letters Diapers Size 6,18 CT,21.92,,,,,,,116,4.4 out of 5 stars,https://www.amazon.com/dp/B07W867SBJ,https://m.media-amazon.com/images/I/41kdYn8w3XL.jpg,oneofakinddeals,/gp/help/seller/at-a-glance.html/ref=dp_merchant_link?ie=UTF8&seller=A2OOM74827OY1E&asin=B07W867SBJ&ref_=dp_merchant_link
B0769XN5LC,2,The Honest Company Purely Simple Bubble Bath,Fragrance Free,Page 1 of 1  ,,,,,,,179,4.8 out of 5 stars,https://www.amazon.com/dp/B0769XN5LC,https://m.media-amazon.com/images/I/31jnap+uTLL.jpg,,
B09RN3TY9X,2,Honest Diapers,Size 4,22.52,,,,,,,24,4.4 out of 5 stars,https://www.amazon.com/dp/B09RN3TY9X,https://m.media-amazon.com/images/I/81t4b-QchDL.jpg,,
B0769LBL6C,2,The Honest Company Honest Perfectly Gentle Sweet Orange Vanilla Face and Body Lotion with Naturally Derived Botanicals,Orange Vanilla,9.00,,,,,,,119,4.2 out of 5 stars,https://www.amazon.com/dp/B0769LBL6C,https://m.media-amazon.com/images/I/514oVJGlAlL.jpg,DLX Deals,/gp/help/seller/at-a-glance.html/ref=dp_merchant_link?ie=UTF8&seller=A2QPEZGAXKI4ZK&asin=B0769LBL6C&ref_=dp_merchant_link&isAmazonFulfilled=1
B00RYAJB7C,2,The Honest Company Shampoo & Body Wash,Conditioner,20.50,,,,,,,196,4.5 out of 5 stars,https://www.amazon.com/dp/B00RYAJB7C,https://m.media-amazon.com/images/I/91kHXQg26-L.jpg,MEET YOUR NEEDS,/gp/help/seller/at-a-glance.html/ref=dp_merchant_link?ie=UTF8&seller=A88IEG9CXEJBC&asin=B00RYAJB7C&ref_=dp_merchant_link&isAmazonFulfilled=1
B0769LK11D,2,The Honest Company Ultra Dreamy Calming Lavender Bubble Bath with Naturally Derived Botanicals,Lavender,11.99,,,,,,,373,4.6 out of 5 stars,https://www.amazon.com/dp/B0769LK11D,https://m.media-amazon.com/images/I/41eWG2zQpUL.jpg,,
B09L28TN6Y,2,The Honest Company Honest Mama Clean Curves Cleansing Shower Oil ,Naturally Derived,13.49,,,,,,,66,4.2 out of 5 stars,https://www.amazon.com/dp/B09L28TN6Y,https://m.media-amazon.com/images/I/31lLfETZGlL.jpg,,
B00LVT9WH6,2,The Honest Company Everyday Gentle Conditioning Detangler - Sweet Orange Vanilla Kids Conditioner,(H02MST00V2RES),40.44,,,,,,,"1,075",4.5 out of 5 stars,https://www.amazon.com/dp/B00LVT9WH6,https://m.media-amazon.com/images/I/31swaGFfngL.jpg,,
B07GSDJ1TV,2,THE HONEST COMPANY Multi-Color Giraffee Size 0 Diapers,32 CT,24.51,,,,,,,21,4.4 out of 5 stars,https://www.amazon.com/dp/B07GSDJ1TV,https://m.media-amazon.com/images/I/41aJBYZfE9L.jpg,,
B07G8VKJH9,2,The Honest Company Overnight Diapers,Sleepy Sheep,29.97,,,,,,,"1,278",4.7 out of 5 stars,https://www.amazon.com/dp/B07G8VKJH9,https://m.media-amazon.com/images/I/81Akn4BOQ6L.jpg,,
B09L1NCWBK,2,The Honest Company Honest Mama Glow On Body Cream ,Hydrates,14.30,,,,,,,48,4.0 out of 5 stars,https://www.amazon.com/dp/B09L1NCWBK,https://m.media-amazon.com/images/I/31U5gE4vs7L.jpg,,
B00JFAD7YM,2,The Honest Company Disposable Baby Diapers,Multi Colored Giraffes,10.99,,,,,,,85,4.1 out of 5 stars,https://www.amazon.com/dp/B00JFAD7YM,https://m.media-amazon.com/images/I/71DGw4XWPHL.jpg,,
B0CB93JBGM,2,The Honest Company Sanitizing Alcohol Wipes ,Kills 99% of Germs,3.00,5.99,,,,,,10,4.0 out of 5 stars,https://www.amazon.com/dp/B0CB93JBGM,https://m.media-amazon.com/images/I/41wejmVXs2L.jpg,Direct2yousales,/gp/help/seller/at-a-glance.html/ref=dp_merchant_link?ie=UTF8&seller=A2J8WS6M1B8EU2&asin=B0CB93JBGM&ref_=dp_merchant_link
B01NASG8NQ,2,The Honest Company Disposable Training Pants,Animal ABCs,26.51,,,,,,,69,4.3 out of 5 stars,https://www.amazon.com/dp/B01NASG8NQ,https://m.media-amazon.com/images/I/71TsfjJt7lL.jpg,TheNewMall,/gp/help/seller/at-a-glance.html/ref=dp_merchant_link?ie=UTF8&seller=AS3HOSV4DF0UG&asin=B01NASG8NQ&ref_=dp_merchant_link&isAmazonFulfilled=1
B08VJDS9XR,2,The Honest Company Clean Conscious Diapers ,Plant-Based,28.49,,,,,,,"39,874",4.6 out of 5 stars,https://www.amazon.com/dp/B08VJDS9XR,https://m.media-amazon.com/images/I/819aJW3X2xL.jpg,,
B0792MTNHP,2,The Honest Company Clean Conscious Wipes ,99% Water,18.99,10.35,,,,,,809,4.7 out of 5 stars,https://www.amazon.com/dp/B0792MTNHP,https://m.media-amazon.com/images/I/317jHylJYIL.jpg,,
B08MRR9PBV,2,The Honest Company Purely Simple Face + Body Lotion,Fragrance Free,15.99,20.99,,,,,,50,4.4 out of 5 stars,https://www.amazon.com/dp/B08MRR9PBV,https://m.media-amazon.com/images/I/41nI3Nm3bmL.jpg,Lovinio,/gp/help/seller/at-a-glance.html/ref=dp_merchant_link?ie=UTF8&seller=A1PXYTJNWCR133&asin=B08MRR9PBV&ref_=dp_merchant_link
B0153OYPRG,2,The Honest Company Shampoo and Body Wash (Pack of 2) 10 Fl Oz,,Page 1 of 1  ,,,,,,,361,4.6 out of 5 stars,https://www.amazon.com/dp/B0153OYPRG,https://m.media-amazon.com/images/I/51B4wLtBAgL.jpg,,
B07G8VKJGW,2,The Honest Company Overnight Diapers,Sleepy Sheep,32.99,,,,,,,"1,278",4.7 out of 5 stars,https://www.amazon.com/dp/B07G8VKJGW,https://m.media-amazon.com/images/I/81fkuvGDTZL.jpg,Lovinio,/gp/help/seller/at-a-glance.html/ref=dp_merchant_link?ie=UTF8&seller=A1PXYTJNWCR133&asin=B07G8VKJGW&ref_=dp_merchant_link
B08MRT23SP,2,The Honest Company Gently Nourishing Shampoo + BW,Sweet Almond,10.19,,,,,,,118,4.3 out of 5 stars,https://www.amazon.com/dp/B08MRT23SP,https://m.media-amazon.com/images/I/61BaE-uqaaL.jpg,,
B08MXVN3Z1,2,The Honest Company Clean Vibes Refillable Multi-Room Cleaning Kit ,3 Spray Bottles,19.99,,,,,,,200,4.2 out of 5 stars,https://www.amazon.com/dp/B08MXVN3Z1,https://m.media-amazon.com/images/I/418tjp-KZfL.jpg,,
B00M4BLARK,2,The Honest Company Organic Breathe Easy Rub,1.8 Ounce,Page 1 of 1  ,,,,,,,359,4.4 out of 5 stars,https://www.amazon.com/dp/B00M4BLARK,https://m.media-amazon.com/images/I/61U6NYLEJGL.jpg,,
B07H51ZH3K,2,The Honest Company Bubble Bath,Sweet Orange Vanilla,43.47,,,,,,,46,4.3 out of 5 stars,https://www.amazon.com/dp/B07H51ZH3K,https://m.media-amazon.com/images/I/41OQOsjUjWL.jpg,VIDA TRADE  LLC,/gp/help/seller/at-a-glance.html/ref=dp_merchant_link?ie=UTF8&seller=AKHN3BWQ97KSR&asin=B07H51ZH3K&ref_=dp_merchant_link&isAmazonFulfilled=1
B0BTT9GP41,2,The Honest Company Clean Conscious Diapers ,Plant -Based,29.99,,,,,,,"39,874",4.6 out of 5 stars,https://www.amazon.com/dp/B0BTT9GP41,https://m.media-amazon.com/images/I/81LaTK698lL.jpg,,
B0BTT71FS5,2,The Honest Company Clean Conscious Diapers ,Plant-Based,Page 1 of 1  ,,,,,,,"39,874",4.6 out of 5 stars,https://www.amazon.com/dp/B0BTT71FS5,https://m.media-amazon.com/images/I/71yMglaezEL.jpg,,
B0769KSW3C,2,The Honest Company Ultra Dreamy Calming Lavender Shampoo and Body Wash with Naturally Derived Botanicals,Lavender,10.99,,,,,,,253,4.7 out of 5 stars,https://www.amazon.com/dp/B0769KSW3C,https://m.media-amazon.com/images/I/41wt6Q-F20L.jpg,,
B07RNH89NL,2,THE HONEST COMPANY Big Trucks Size 5 Diapers,20 CT,22.58,,,,,,,16,4.0 out of 5 stars,https://www.amazon.com/dp/B07RNH89NL,https://m.media-amazon.com/images/I/514ciu+zLtL.jpg,iHerb LLC,/gp/help/seller/at-a-glance.html/ref=dp_merchant_link?ie=UTF8&seller=A5T7SNJKP9EZX&asin=B07RNH89NL&ref_=dp_merchant_link
B0C7SW61MG,2,The Honest Company Calm + Cleanse Benefit Wipes ,Cleansing Multi-Tasking Wipes,3.99,,,,,,,75,4.7 out of 5 stars,https://www.amazon.com/dp/B0C7SW61MG,https://m.media-amazon.com/images/I/31EvK8I0Z6L.jpg,,
B0BRJWD646,2,The Honest Company Keep It Lush Daily Postnatal Hair Wellness Supplement ,Vegan,13.98,29.99,,,,,,5,3.3 out of 5 stars,https://www.amazon.com/dp/B0BRJWD646,https://m.media-amazon.com/images/I/31gGHqC225L.jpg,LocateGoods,/gp/help/seller/at-a-glance.html/ref=dp_merchant_link?ie=UTF8&seller=AB6QP0LDE2VN5&asin=B0BRJWD646&ref_=dp_merchant_link
B08MXXSDTV,2,The Honest Company Refillable Multi-Surface Cleaning Kit ,Spray Bottle + 2 Concentrated Pods,15.91,,,,,,,86,4.0 out of 5 stars,https://www.amazon.com/dp/B08MXXSDTV,https://m.media-amazon.com/images/I/21cx7K9X1bL.jpg,,
B07NF4KQCZ,2,The Honest Company Soothing Bottom Wash - 5 oz Pack Of 2,,9.99,,,,,,,320,4.7 out of 5 stars,https://www.amazon.com/dp/B07NF4KQCZ,https://m.media-amazon.com/images/I/31MeW8iOfOL.jpg,Kayla's Home Goods,/gp/help/seller/at-a-glance.html/ref=dp_merchant_link?ie=UTF8&seller=A1AQNQXW2GCZ70&asin=B07NF4KQCZ&ref_=dp_merchant_link&isAmazonFulfilled=1
B08MRR2FM2,2,The Honest Company Purely Simple Conditioner,Fragrance Free,15.99,20.99,,,,,,37,4.3 out of 5 stars,https://www.amazon.com/dp/B08MRR2FM2,https://m.media-amazon.com/images/I/61boObdoFOL.jpg,Lovinio,/gp/help/seller/at-a-glance.html/ref=dp_merchant_link?ie=UTF8&seller=A1PXYTJNWCR133&asin=B08MRR2FM2&ref_=dp_merchant_link
B08MRV3DL6,2,The Honest Company Gently Nourishing Bubble Bath,Sweet Almond,23.25,,,,,,,184,4.3 out of 5 stars,https://www.amazon.com/dp/B08MRV3DL6,https://m.media-amazon.com/images/I/61Qx1sX7SJL.jpg,BMFindz,/gp/help/seller/at-a-glance.html/ref=dp_merchant_link?ie=UTF8&seller=A2UCPU6R3KCN49&asin=B08MRV3DL6&ref_=dp_merchant_link
B09PWX3Y9J,2,The Honest Company Clean Conscious Diapers ,Plant-Based,29.99,,,,,,,"39,874",4.6 out of 5 stars,https://www.amazon.com/dp/B09PWX3Y9J,https://m.media-amazon.com/images/I/815BAugk-gL.jpg,,
B08FM8DXDV,2,The Honest Company 100% Cotton Children's Face Masks ,Reusable,6.99,,,,,,,161,3.9 out of 5 stars,https://www.amazon.com/dp/B08FM8DXDV,https://m.media-amazon.com/images/I/81AR5WdhydL.jpg,,
B08HJ2VLWR,2,THE HONEST COMPANY Sky's The Limit Size 6 Diapers,18 CT,29.99,,,,,,,1,5.0 out of 5 stars,https://www.amazon.com/dp/B08HJ2VLWR,https://m.media-amazon.com/images/I/41JOb8aV01L.jpg,,
B086H6TCWY,2,The Honest Company Soothing Therapy Eczema Bundle ,Eczema Balm + Cleansing Body Wash,25.23,,,,,,,12,4.9 out of 5 stars,https://www.amazon.com/dp/B086H6TCWY,https://m.media-amazon.com/images/I/31-R6OwERWL.jpg,,
B07RTS15DD,2,THE HONEST COMPANY Rainbow Stripes Size 3 Diapers,27 CT,Page 1 of 1,,,,,,,19,4.7 out of 5 stars,https://www.amazon.com/dp/B07RTS15DD,https://m.media-amazon.com/images/I/41HcYkHjb-L.jpg,,
B08G8PJHB7,2,Honest Diapers,Newborn,Page 1 of 1  ,,,,,,,9,3.8 out of 5 stars,https://www.amazon.com/dp/B08G8PJHB7,https://m.media-amazon.com/images/I/71n9C0r9V7L.jpg,,
B07G8PW5VC,2,The Honest Company Overnight Diapers,Sleepy Sheep,29.97,,,,,,,"1,278",4.7 out of 5 stars,https://www.amazon.com/dp/B07G8PW5VC,https://m.media-amazon.com/images/I/51LI3LtW7yL.jpg,,
B07G8FFZV2,2,The Honest Company Diapers - Newborn,Size 0 - Pandas Print,69.97,,,,,,,570,4.6 out of 5 stars,https://www.amazon.com/dp/B07G8FFZV2,https://m.media-amazon.com/images/I/81XQMk4V0eL.jpg,,
B00QIU3MHO,2,The Honest Company Disposable Diapers for Newborn,Giraffe,10.99,,,,,,,25,3.9 out of 5 stars,https://www.amazon.com/dp/B00QIU3MHO,https://m.media-amazon.com/images/I/71vXwDAoqPL.jpg,,
B07H5547JY,2,The Honest Company Calming Lavender Hypoallergenic Bubble Bath with Naturally Derived Botanicals,Dreamy Lavender,21.45,,,,,,,5,4.7 out of 5 stars,https://www.amazon.com/dp/B07H5547JY,https://m.media-amazon.com/images/I/41UCgxzw1LL.jpg,MEET YOUR NEEDS,/gp/help/seller/at-a-glance.html/ref=dp_merchant_link?ie=UTF8&seller=A88IEG9CXEJBC&asin=B07H5547JY&ref_=dp_merchant_link&isAmazonFulfilled=1
B08N9H4BM7,2,The Honest Company Multi-Surface Refill Pods ,Made for Refillable Multi-Surface Cleaning Kit,19.99,,,,,,,62,4.6 out of 5 stars,https://www.amazon.com/dp/B08N9H4BM7,https://m.media-amazon.com/images/I/31MGa7gcrML.jpg,,
B076WZ1W6L,2,The Honest Company Disposable Training Pants,Dinosaurs,10.72,,,,,,,55,4.1 out of 5 stars,https://www.amazon.com/dp/B076WZ1W6L,https://m.media-amazon.com/images/I/71YIFNWj0-L.jpg,,
B08WBRKPNN,2,The Honest Company ,Club Box,29.99,,,,,,,"1,389",4.7 out of 5 stars,https://www.amazon.com/dp/B08WBRKPNN,https://m.media-amazon.com/images/I/71B7JdVCgAL.jpg,,
B08GS1N4N6,2,The Honest Company Urban Convertible Tote Backpack ,Diaper Bag with Changing Pad,114.86,,The Honest Company,H0014TBB0000S,,8.27 x 14.17 x 11.81,3.53 lbs,8,3.0 out of 5 stars,https://www.amazon.com/dp/B08GS1N4N6,https://m.media-amazon.com/images/I/9190q9V9j7L.jpg,FUNNYGAT,/gp/help/seller/at-a-glance.html/ref=dp_merchant_link?ie=UTF8&seller=A1Q9J1Z3VGXMN6&asin=B08GS1N4N6&ref_=dp_merchant_link&isAmazonFulfilled=1
B0CLMPNQK8,2,The Honest Company Clean Conscious Diapers ,Plant-Based,29.99,,,,,,,,,https://www.amazon.com/dp/B0CLMPNQK8,https://m.media-amazon.com/images/I/81vOMG7Rx3L.jpg,,
B013IL50C0,2,The Honest Company Organic Cotton Tampons with Plant-Based Compact Applicator ,Super,7.59,,,,,,,696,4.4 out of 5 stars,https://www.amazon.com/dp/B013IL50C0,https://m.media-amazon.com/images/I/71NS8lk1WyL.jpg,,
B07GSFHF4T,2,The Honest Company Toddler Training Pants,Dinosaurs,26.06,,,,,,,"3,788",4.3 out of 5 stars,https://www.amazon.com/dp/B07GSFHF4T,https://m.media-amazon.com/images/I/81Rx7VKZVAL.jpg,Lovinio,/gp/help/seller/at-a-glance.html/ref=dp_merchant_link?ie=UTF8&seller=A1PXYTJNWCR133&asin=B07GSFHF4T&ref_=dp_merchant_link
B0BRJY4WMT,2,The Honest Company Live The Dream Nightly Sleep Health Supplement ,Vegan,19.88,25.99,,,,,,,,https://www.amazon.com/dp/B0BRJY4WMT,https://m.media-amazon.com/images/I/313YnipLxEL.jpg,LocateGoods,/gp/help/seller/at-a-glance.html/ref=dp_merchant_link?ie=UTF8&seller=AB6QP0LDE2VN5&asin=B0BRJY4WMT&ref_=dp_merchant_link
B013IL5FXE,2,The Honest Company Organic Cotton Pads ,Regular,8.38,,,,,,,322,4.1 out of 5 stars,https://www.amazon.com/dp/B013IL5ILI,https://m.media-amazon.com/images/I/81icZjCPONL.jpg,Lily Viky Deals!,/gp/help/seller/at-a-glance.html/ref=dp_merchant_link?ie=UTF8&seller=A2PUMVFRHI66W4&asin=B013IL5FXE&ref_=dp_merchant_link
B076WZBMPC,2,The Honest Company Disposable Training Pants,Dinosaurs,10.72,,,,,,,21,4.0 out of 5 stars,https://www.amazon.com/dp/B076WZBMPC,https://m.media-amazon.com/images/I/918NJyMomtL.jpg,,
B09PW9NWWG,2,The Honest Company Clean Conscious Diapers ,Plant-Based,29.99,,,,,,,"39,874",4.6 out of 5 stars,https://www.amazon.com/dp/B09PW9NWWG,https://m.media-amazon.com/images/I/71YoPB66g2L.jpg,,
B01N6OYHWM,2,The Honest Company Disposable Baby Overnight Diapers,Sleepy Sheep,38.65,,,,,,,22,4.4 out of 5 stars,https://www.amazon.com/dp/B01N6OYHWM,https://m.media-amazon.com/images/I/517uhffh4zL.jpg,,
B09PWRRB4Y,2,The Honest Company Clean Conscious Diapers ,Plant-Based,29.99,,,,,,,"39,874",4.6 out of 5 stars,https://www.amazon.com/dp/B09PWRRB4Y,https://m.media-amazon.com/images/I/714TZOh1XzL.jpg,,
B08ZKVGV8Z,2,The Honest Company Clean Conscious Training Pants ,Plant-Based,30.59,,,,,,,181,4.3 out of 5 stars,https://www.amazon.com/dp/B08ZKVGV8Z,https://m.media-amazon.com/images/I/51V1vWVM6-L.jpg,,
B0CLN3W11M,2,The Honest Company Clean Conscious Diapers ,Plant-Based,50.99,,,,,,,1,5.0 out of 5 stars,https://www.amazon.com/dp/B0CLN3W11M,https://m.media-amazon.com/images/I/816p9sw--hL.jpg,,
B08F844ZJS,2,The Honest Company Disinfecting Spray,32 Fl. Oz.,Page 1 of 1  ,,,,,,,"4,501",4.4 out of 5 stars,https://www.amazon.com/dp/B08F844ZJS,https://m.media-amazon.com/images/I/61+mHItt7bL.jpg,,
B07GSHBT8N,2,The Honest Company Toddler Training Pants ,Unicorns,65.99,,,,,,,"3,788",4.3 out of 5 stars,https://www.amazon.com/dp/B07GSFH7RJ,https://m.media-amazon.com/images/I/81MsbMsvEVL.jpg,Lovinio,/gp/help/seller/at-a-glance.html/ref=dp_merchant_link?ie=UTF8&seller=A1PXYTJNWCR133&asin=B07GSHBT8N&ref_=dp_merchant_link
B073ZHXYLN,2,The Honest Company Disposable Baby Diapers,Luggage,10.99,,,,,,,4,3.6 out of 5 stars,https://www.amazon.com/dp/B00RC9Y1MA,https://m.media-amazon.com/images/I/514iut+43nL.jpg,,
B0BK21WF8V,2,The Honest Company Dry Wipes,48 Count (Pack of 3),14.97,,,,,,,8,5.0 out of 5 stars,https://www.amazon.com/dp/B0BK21WF8V,https://m.media-amazon.com/images/I/312UOFyTdwL.jpg,,
B076WZL6BN,2,The Honest Company Disposable Training Pants,Fairies,10.72,21.81,,,,,,3,5.0 out of 5 stars,https://www.amazon.com/dp/B076WZL6BN,https://m.media-amazon.com/images/I/81PM0okuxFL.jpg,BGTT Distribution LLC,/gp/help/seller/at-a-glance.html/ref=dp_merchant_link?ie=UTF8&seller=ALGT4GL5MRXFN&asin=B076WZL6BN&ref_=dp_merchant_link
B0BZ1FLFY3,2,The Honest Company Clean Conscious Wipes ,99% Water,26.93,,,,,,,62,4.9 out of 5 stars,https://www.amazon.com/dp/B0BZ1FLFY3,https://m.media-amazon.com/images/I/41hne76EMRL.jpg,,
B076WZL6BL,2,The Honest Company Disposable Training Pants,Dinosaurs,13.99,,,,,,,30,3.9 out of 5 stars,https://www.amazon.com/dp/B076WZL6BL,https://m.media-amazon.com/images/I/81MJ4M+XW9L.jpg,,
B0769HT89L,2,The Honest Company Purely Simple Conditioner,Fragrance Free,Page 1 of 1  ,,,,,,,6,5.0 out of 5 stars,https://www.amazon.com/dp/B0769HT89L,https://m.media-amazon.com/images/I/51yeYMnXcgL.jpg,,
B00HNG3YGG,2,The Honest Company Mandarin Liquid Hand Soap ,11.5 fl.oz,Page 1 of 1  ,,,,,,,12,3.4 out of 5 stars,https://www.amazon.com/dp/B00HNG3YGG,https://m.media-amazon.com/images/I/513SJ5CVGML.jpg,,
B08N99X32W,2,The Honest Company Glass Refill Pods ,Made for Refillable Glass Cleaning Kit,9.89,,,,,,,20,4.4 out of 5 stars,https://www.amazon.com/dp/B08N99X32W,https://m.media-amazon.com/images/I/311Xzh36wpL.jpg,,
B07GS7CTT9,2,The Honest Company Toddler Training Pants,Dinosaurs,39.94,,,,,,,"3,788",4.3 out of 5 stars,https://www.amazon.com/dp/B07GS7CTT9,https://m.media-amazon.com/images/I/819zcB7QuKL.jpg,,
B08MRT2R8S,2,The Honest Company Purely Simple Bubble Bath,Fragrance Free,23.50,,,,,,,215,4.4 out of 5 stars,https://www.amazon.com/dp/B08MRT2R8S,https://m.media-amazon.com/images/I/61nurSGcxvS.jpg,BMFindz,/gp/help/seller/at-a-glance.html/ref=dp_merchant_link?ie=UTF8&seller=A2UCPU6R3KCN49&asin=B08MRT2R8S&ref_=dp_merchant_link
B074PTTP6C,2,The Honest Company Training Pants,Dinosaurs,26.06,,,,,,,183,4.1 out of 5 stars,https://www.amazon.com/dp/B074PTTP6C,https://m.media-amazon.com/images/I/81kza4XCrtL.jpg,Lovinio,/gp/help/seller/at-a-glance.html/ref=dp_merchant_link?ie=UTF8&seller=A1PXYTJNWCR133&asin=B074PTTP6C&ref_=dp_merchant_link
B00KH6MC6C,2,The Honest Company Disposable Diapers,Giraffe,5.79,,,,,,,57,3.9 out of 5 stars,https://www.amazon.com/dp/B00KH6MC6C,https://m.media-amazon.com/images/I/71nP9+jOxML.jpg,,
B075RGJVRV,2,The Honest Company Fragrance-Free Face + Body Lotion,8.5 Fl Oz,25.23,,,,,,,13,3.8 out of 5 stars,https://www.amazon.com/dp/B075RGJVRV,https://m.media-amazon.com/images/I/61Ztk-Piv4L.jpg,,
B09BDHYTSX,2,The Honest Company Club Box - Rose Blossom & Strawberries Print with TrueAbsorb Technology Plant-Derived Materials Hypoallergenic,,69.97,,,,,,,"1,389",4.7 out of 5 stars,https://www.amazon.com/dp/B09BDHYTSX,https://m.media-amazon.com/images/I/71fvcicZVJL.jpg,,
B074PPL23L,2,The Honest Company Training Pants,Construction Zone,26.51,,,,,,,183,4.1 out of 5 stars,https://www.amazon.com/dp/B074PPL23L,https://m.media-amazon.com/images/I/819VyctYojL.jpg,Lovinio,/gp/help/seller/at-a-glance.html/ref=dp_merchant_link?ie=UTF8&seller=A1PXYTJNWCR133&asin=B074PPL23L&ref_=dp_merchant_link
B0BV67LH4K,2,The Honest Company Clean Conscious Training Pants ,Plant-Based,26.51,,,,,,,1,5.0 out of 5 stars,https://www.amazon.com/dp/B0BV67LH4K,https://m.media-amazon.com/images/I/61LeXP05ICL.jpg,,
B0CHRBVN4D,2,The Honest Company Babe's First Mess Gift Set ,Fragrance Free Newborn Essentials,24.99,,,,,,,,,https://www.amazon.com/dp/B0CHRBVN4D,https://m.media-amazon.com/images/I/81PgPcuKNdL.jpg,,
B08MRNQFC4,2,The Honest Company Gently Nourishing Conditioner,Sweet Almond,23.25,,,,,,,37,4.8 out of 5 stars,https://www.amazon.com/dp/B08MRNQFC4,https://m.media-amazon.com/images/I/61DtSsbJHjL.jpg,,
B0CLNDT21K,2,The Honest Company Clean Conscious Diapers ,Plant-Based,50.99,,,,,,,,,https://www.amazon.com/dp/B0CLNDT21K,https://m.media-amazon.com/images/I/81RyvIpM7dL.jpg,,
B07G8GY1H6,2,The Honest Company Diapers - Newborn Diapers,Size 0 - Teal Tribal Print,Page 1 of 1,,,,,,,1,5.0 out of 5 stars,https://www.amazon.com/dp/B07G8GY1H6,https://m.media-amazon.com/images/I/81yyD2I4d3L.jpg,,
B01E1P3B6O,2,The Honest Company Disposable Baby Diapers,Multi Colored Giraffes,10.99,,,,,,,8,3.4 out of 5 stars,https://www.amazon.com/dp/B01E1P3B6O,https://m.media-amazon.com/images/I/81xcnGhg-iL.jpg,,
B013IL5LK6,2,The Honest Company Organic Cotton Liners ,Hypoallergenic,8.99,,,,,,,177,4.0 out of 5 stars,https://www.amazon.com/dp/B013IL5LK6,https://m.media-amazon.com/images/I/61DekMITjzL.jpg,,
B0CJZY1S52,2,The Honest Company Clean Conscious Wipes ,99% Water,16.99,,,,,,,2,5.0 out of 5 stars,https://www.amazon.com/dp/B0CJZY1S52,https://m.media-amazon.com/images/I/41CEemxp3AL.jpg,,
B00QIU3WDS,2,The Honest Company Disposable Baby Diapers,Multi Colored Giraffes,10.99,,,,,,,25,3.8 out of 5 stars,https://www.amazon.com/dp/B00QIU3WDS,https://m.media-amazon.com/images/I/81c7IpAkvvL.jpg,,
B07G8F7GZ5,2,The Honest Company Diapers - Newborn,Size 0 - Rose Blossom Print TrueAbsorb Technology Plant-Derived Materials Hypoallergenic,24.51,,,,,,,"1,183",4.7 out of 5 stars,https://www.amazon.com/dp/B07G8VKJGX,https://m.media-amazon.com/images/I/81QSH22YM-L.jpg,Lovinio,/gp/help/seller/at-a-glance.html/ref=dp_merchant_link?ie=UTF8&seller=A1PXYTJNWCR133&asin=B07G8F7GZ5&ref_=dp_merchant_link
B015HTI3UC,2,The Honest Company Organic Nipple Balm ,USDA Certified Organic,13.49,,,,,,,763,4.5 out of 5 stars,https://www.amazon.com/dp/B015HTI3UC,https://m.media-amazon.com/images/I/41ejzR6tmIL.jpg,BECA STORE,/gp/help/seller/at-a-glance.html/ref=dp_merchant_link?ie=UTF8&seller=A1GIQNVODAIPKH&asin=B015HTI3UC&ref_=dp_merchant_link
B0761T9DJ5,2,The Honest Company Clean Conscious Wipes ,99% Water,18.99,,,,,,,373,4.7 out of 5 stars,https://www.amazon.com/dp/B0761T9DJ5,https://m.media-amazon.com/images/I/41vOQQ50pgL.jpg,,
B0CKV1X2NZ,2,The Honest Company Clean Conscious Diapers ,Plant-Based,27.99,,,,,,,"39,874",4.6 out of 5 stars,https://www.amazon.com/dp/B0CKV1X2NZ,https://m.media-amazon.com/images/I/81NSGO3txDL.jpg,,
B08MXT9PGN,2,The Honest Company Refillable Bathroom Cleaning Kit ,Spray Bottle + 2 Concentrated Pods,19.99,,,,,,,24,4.1 out of 5 stars,https://www.amazon.com/dp/B08MXT9PGN,https://m.media-amazon.com/images/I/21IbMTW-s9L.jpg,,
B08MXVBQT6,2,The Honest Company Conscious Cleaning Glass Starter,Kit (Bottle + 2 Refills),Page 1 of 1  ,,,,,,,42,3.9 out of 5 stars,https://www.amazon.com/dp/B08MXVBQT6,https://m.media-amazon.com/images/I/21rYBTTubjL.jpg,,
B07GSB74QN,2,The Honest Company Toddler Training Pants,Unicorns,26.06,,,,,,,"3,788",4.3 out of 5 stars,https://www.amazon.com/dp/B07GSB74QN,https://m.media-amazon.com/images/I/81hkJUuq8jL.jpg,Lovinio,/gp/help/seller/at-a-glance.html/ref=dp_merchant_link?ie=UTF8&seller=A1PXYTJNWCR133&asin=B07GSB74QN&ref_=dp_merchant_link
B06XK8STQK,2,The Honest Company Disposable Baby Diapers,Painted Feathers,Page 1 of 1  ,,,,,,,1,4.0 out of 5 stars,https://www.amazon.com/dp/B06XK8STQK,https://m.media-amazon.com/images/I/71RsUAVts3L.jpg,,
B095Y3JGH9,2,The Honest Company Club Box Clean Conscious Diapers Summer - Fruity Patootie + Lil Monstera,Size 2,29.99,,,,,,,719,4.8 out of 5 stars,https://www.amazon.com/dp/B095Y3JGH9,https://m.media-amazon.com/images/I/71VsLzRTMwS.jpg,,
B0BRJZ4HF6,2,The Honest Company Playin' Defense Daily Immune Health Supplement ,Sugarfree,19.99,25.99,,,,,,,,https://www.amazon.com/dp/B0BRJZ4HF6,https://m.media-amazon.com/images/I/31wrPE0QU-L.jpg,LocateGoods,/gp/help/seller/at-a-glance.html/ref=dp_merchant_link?ie=UTF8&seller=AB6QP0LDE2VN5&asin=B0BRJZ4HF6&ref_=dp_merchant_link
B074PTYL6B,2,The Honest Company Training Pants,Construction Zone,Page 1 of 1  ,,,,,,,183,4.1 out of 5 stars,https://www.amazon.com/dp/B074PTYL6B,https://m.media-amazon.com/images/I/81r059CFHXL.jpg,,
B07KGXT6TX,2,The Honest Company Super Duper Club Box with TrueAbsorb Baby Diapers & Honest Baby Wipes ,Size 5,50.99,,,,,,,376,4.6 out of 5 stars,https://www.amazon.com/dp/B07KGXT6TX,https://m.media-amazon.com/images/I/71M0o8fflPL.jpg,,
B09PWBZ6YX,2,The Honest Company Clean Conscious Diapers ,Plant-Based,Page 1 of 1  ,,,,,,,"39,874",4.6 out of 5 stars,https://www.amazon.com/dp/B09PWBZ6YX,https://m.media-amazon.com/images/I/81eVU6GQ-kL.jpg,,
B0CKV1GY39,2,The Honest Company Clean Conscious Diapers ,Plant-Based,32.99,,,,,,,"39,874",4.6 out of 5 stars,https://www.amazon.com/dp/B0CKV1GY39,https://m.media-amazon.com/images/I/813I4di59fL.jpg,,
B08N9DPT4F,2,The Honest Company Bathroom Refill Pods ,Made for Refillable Bathroom Cleaning Kit,5.24,,,,,,,32,4.5 out of 5 stars,https://www.amazon.com/dp/B08N9DPT4F,https://m.media-amazon.com/images/I/31kxkiwTW4L.jpg,,
B0CKV38KSG,2,The Honest Company Clean Conscious Diapers ,Plant-Based,49.99,,,,,,,"39,874",4.6 out of 5 stars,https://www.amazon.com/dp/B0CKV38KSG,https://m.media-amazon.com/images/I/81Mlh6R9bPL.jpg,,
B07VLGYX9J,2,The Honest Company Club Box Diapers with TrueAbsorb Technology,Happy Together,Page 1 of 1  ,,,,,,,"2,299",4.7 out of 5 stars,https://www.amazon.com/dp/B07VLGYX9J,https://m.media-amazon.com/images/I/81Na7wEisML.jpg,,
B0CK1C7ZCD,2,The Honest Company Clean Conscious Wipes ,99% Water,66.99,,,,,,,4,5.0 out of 5 stars,https://www.amazon.com/dp/B0CK1C7ZCD,https://m.media-amazon.com/images/I/417iARxbE1L.jpg,,
B0CKTZYJTM,2,The Honest Company Clean Conscious Diapers ,Plant-Based,27.99,,,,,,,"39,874",4.6 out of 5 stars,https://www.amazon.com/dp/B0CKTZYJTM,https://m.media-amazon.com/images/I/815LqvrTkML.jpg,,
B0CCP7XYHH,2,The Honest Company Clean Conscious Diapers,100 Count & Clean Conscious Wipes,128.97,,,,,,,,,https://www.amazon.com/dp/B0CCP7XYHH,https://m.media-amazon.com/images/I/61OT7PYq+gL.jpg,,
B013IL42UQ,2,The Honest Company Everything Tote,Black,59.99,,,,,,,106,4.2 out of 5 stars,https://www.amazon.com/dp/B013IL42UQ,https://m.media-amazon.com/images/I/61qNSSQzkaL.jpg,,
B09PWH957X,2,The Honest Company Clean Conscious Diapers,Color Me Paisley + Grow Together,43.99,,,,,,,"2,299",4.7 out of 5 stars,https://www.amazon.com/dp/B09PWH957X,https://m.media-amazon.com/images/I/71IktKYCKhL.jpg,718 Sold It,/gp/help/seller/at-a-glance.html/ref=dp_merchant_link?ie=UTF8&seller=A29ULC8KOSISBF&asin=B09PWH957X&ref_=dp_merchant_link&isAmazonFulfilled=1
B07D2MJGKD,2,The Honest Company Honest 2163426 26 fl oz Free - Clear Glass & Window Cleaner,,Page 1 of 1  ,,,,,,,1,5.0 out of 5 stars,https://www.amazon.com/dp/B07D2MJGKD,https://m.media-amazon.com/images/I/51qA7hb3ycL.jpg,,
B09PWVSVX4,2,The Honest Company Clean Conscious Diapers,Color Me Paisley + Grow Together,Page 1 of 1  ,,,,,,,719,4.8 out of 5 stars,https://www.amazon.com/dp/B09PWVSVX4,https://m.media-amazon.com/images/I/81GpXUINOcL.jpg,,
B076DVB17K,2,The Honest Company Dish Soap,Grapefruit Grove,11.44,,,,,,,128,4.2 out of 5 stars,https://www.amazon.com/dp/B076DVB17K,https://m.media-amazon.com/images/I/41KnJQog+FL.jpg,,
B0C1FXTST2,2,The Honest Company Deluxe Diaper Cake ,Clean Conscious Diapers,44.99,,,,,,,240,4.8 out of 5 stars,https://www.amazon.com/dp/B0C1FXTST2,https://m.media-amazon.com/images/I/81LWSYIjT7L.jpg,,
B0CCP61J9W,2,The Honest Company Clean Conscious Diapers,100 Count & Clean Conscious Wipes,128.97,,,,,,,,,https://www.amazon.com/dp/B0CCP61J9W,https://m.media-amazon.com/images/I/61Shy7fhnFL.jpg,,
B00PBH0L24,2,The Honest Company Sweet Orange Vanilla Shampoo & Body Wash (17 oz. ,with Pump),Page 1 of 1  ,,,,,,,162,4.4 out of 5 stars,https://www.amazon.com/dp/B00PBH0L24,https://m.media-amazon.com/images/I/617uy7-rVKL.jpg,,
B076X4YB3F,2,The Honest Company Disposable Training Pants,Super Heroes,10.72,16.89,,,,,,11,4.1 out of 5 stars,https://www.amazon.com/dp/B076X4YB3F,https://m.media-amazon.com/images/I/71DrV+Ao2hL.jpg,CALI BELLE & CO,/gp/help/seller/at-a-glance.html/ref=dp_merchant_link?ie=UTF8&seller=A2FK1S6EG3BJPR&asin=B076X4YB3F&ref_=dp_merchant_link&isAmazonFulfilled=1
B01N4N9C7F,2,The Honest Company Disposable Training Pants,Construction Zone,26.62,,,,,,,29,4.3 out of 5 stars,https://www.amazon.com/dp/B01N4N9C7F,https://m.media-amazon.com/images/I/91Ekv97whVL.jpg,,
B0CCP8PJZY,2,The Honest Company Clean Conscious Diapers,100 Count & Clean Conscious Wipes,128.97,,,,,,,,,https://www.amazon.com/dp/B0CCP8PJZY,https://m.media-amazon.com/images/I/61leE1KDAAL.jpg,,
B01N0AQ5S1,2,The Honest Company Soothing Bottom Wash by The Honest Company,,7.80,,,,,,,,,https://www.amazon.com/dp/B01N0AQ5S1,https://m.media-amazon.com/images/I/31+4kzah86L.jpg,Eternity Essentials,/gp/help/seller/at-a-glance.html/ref=dp_merchant_link?ie=UTF8&seller=AFA8KMU5G0BOS&asin=B01N0AQ5S1&ref_=dp_merchant_link
B0CKV234ZW,2,The Honest Company Clean Conscious Diapers ,Plant-Based,14.99,,,,,,,"39,874",4.6 out of 5 stars,https://www.amazon.com/dp/B0CKV234ZW,https://m.media-amazon.com/images/I/81-nSTxZhuL.jpg,,
B074PTZHJ8,2,The Honest Company Training Pants,Dinosaurs,4.99,,,,,,,183,4.1 out of 5 stars,https://www.amazon.com/dp/B074PTZHJ8,https://m.media-amazon.com/images/I/71+0kfe+5vL.jpg,,
B07M7V9BFD,2,The Honest Company Baby Diapers With Trueabsorb Technology,Farm Fresh,,,,,,,,718,4.7 out of 5 stars,https://www.amazon.com/dp/B07M7V9BFD,https://m.media-amazon.com/images/I/81g7HE+ludL.jpg,,
B09BDJGH3G,2,The Honest Company Club Box - Rose Blossom & Strawberries Print with TrueAbsorb Technology Plant-Derived Materials Hypoallergenic,,Page 1 of 1  ,,,,,,,"1,389",4.7 out of 5 stars,https://www.amazon.com/dp/B09BDJGH3G,https://m.media-amazon.com/images/I/71losrqJ53L.jpg,,
B08FLVDBKP,2,The Honest Company 100% Cotton Adult Face Masks ,Reusable,12.99,,,,,,,161,3.9 out of 5 stars,https://www.amazon.com/dp/B08FLVDBKP,https://m.media-amazon.com/images/I/61ZOgZmmSbL.jpg,,
B0CKM4T7TC,2,The Honest Company Head to Toe Multi-Purpose Healing Ointment + Organic Diaper Rash Cream Bundle ,Hypoallergenic,23.71,,,,,,,,,https://www.amazon.com/dp/B0CKM4T7TC,https://m.media-amazon.com/images/I/61UQXrBbVPL.jpg,,
B09CY17VSP,2,The Honest Company Club Box - Rose Blossom & Strawberries Print with TrueAbsorb Technology Plant-Derived Materials Hypoallergenic,,Page 1 of 1  ,,,,,,,"1,389",4.7 out of 5 stars,https://www.amazon.com/dp/B09CY17VSP,https://m.media-amazon.com/images/I/71+5f3a34dL.jpg,,
B09DTWR2SG,2,THE HONEST COMPANY Classic Stripes Size 4 Diapers,23 CT,13.49,,,,,,,,,https://www.amazon.com/dp/B09DTWR2SG,https://m.media-amazon.com/images/I/41EmSu+sXyL.jpg,Buddyâ€™s Goodies,/gp/help/seller/at-a-glance.html/ref=dp_merchant_link?ie=UTF8&seller=AEDJHR7M2JBRA&asin=B09DTWR2SG&ref_=dp_merchant_link
B076X375JT,2,The Honest Company Disposable Training Pants,Super Heroes,10.72,,,,,,,2,2.1 out of 5 stars,https://www.amazon.com/dp/B076X375JT,https://m.media-amazon.com/images/I/71r542NHfLL.jpg,Amzing19899,/gp/help/seller/at-a-glance.html/ref=dp_merchant_link?ie=UTF8&seller=AGTLE649TWMXM&asin=B076X375JT&ref_=dp_merchant_link&isAmazonFulfilled=1
B07VPQ1Q46,2,The Honest Company Club Box Diapers with TrueAbsorb Technology,Trains & Breakfast,,,,,,,,719,4.8 out of 5 stars,https://www.amazon.com/dp/B07VPQ1Q46,https://m.media-amazon.com/images/I/810UMzy7USL.jpg,,
B0CK16GV5F,2,The Honest Company Deluxe Diaper Cake ,Clean Conscious Diapers,44.99,,,,,,,240,4.8 out of 5 stars,https://www.amazon.com/dp/B0CK16GV5F,https://m.media-amazon.com/images/I/817pvN9g2uL.jpg,,
B0CCP7BRWB,2,The Honest Company Clean Conscious Diapers,88 Count & Clean Conscious Wipes,130.95,,,,,,,,,https://www.amazon.com/dp/B0CCP7BRWB,https://m.media-amazon.com/images/I/61xB97AaXXL.jpg,,
B0CKV1XNBF,2,The Honest Company Clean Conscious Diapers ,Plant-Based,49.99,,,,,,,"39,874",4.6 out of 5 stars,https://www.amazon.com/dp/B0CKV1XNBF,https://m.media-amazon.com/images/I/81wvMSUTLkL.jpg,,
B00CWII5IW,2,The Honest Company Teal Silicon Baby Bottle 8OZ,1 EA,Page 1 of 1  ,,The Honest Company,0817810010941,,7.4 x 4.2 x 1.1,0.15 lbs,13,3.2 out of 5 stars,https://www.amazon.com/dp/B00CWII5IW,https://m.media-amazon.com/images/I/41yCwdBuXYL.jpg,,
B00LVSYGRS,2,The Honest Company Baby Arrival Gift Set,,44.99,,,,,,,125,4.1 out of 5 stars,https://www.amazon.com/dp/B00LVSYGRS,https://m.media-amazon.com/images/I/81pPHddxuhL.jpg,,
B096436C24,2,The Honest Company,Super Club Box,29.99,,,,,,,55,4.7 out of 5 stars,https://www.amazon.com/dp/B096436C24,https://m.media-amazon.com/images/I/71-tycepa6S.jpg,,
B08WC2FDFN,2,The Honest Company,Club Box,Page 1 of 1  ,,,,,,,85,4.3 out of 5 stars,https://www.amazon.com/dp/B08WC2FDFN,https://m.media-amazon.com/images/I/71Bt-sx3SiL.jpg,,
B0CKV1KQP5,2,The Honest Company Clean Conscious Diapers ,Plant-Based,49.99,,,,,,,"39,874",4.6 out of 5 stars,https://www.amazon.com/dp/B0CKV1KQP5,https://m.media-amazon.com/images/I/81rncuntm+L.jpg,,
B095Y3DQGX,2,The Honest Company,Club Box,Page 1 of 1,,,,,,,"1,389",4.7 out of 5 stars,https://www.amazon.com/dp/B095Y3DQGX,https://m.media-amazon.com/images/I/71zBDUVcVES.jpg,,
B00HNG3T3O,2,The Honest Company Liquid Hand Soap - Lavender - 12 oz,,,,The Honest Company,,,2.5 x 2.5 x 7,15.2 oz,29,3.3 out of 5 stars,https://www.amazon.com/dp/B00HNG3T3O,https://m.media-amazon.com/images/I/51Jv9bXggSL.jpg,,
B074PTBHGF,2,The Honest Company Training Pants,Unicorns,26.06,,,,,,,183,4.1 out of 5 stars,https://www.amazon.com/dp/B074PTBHGF,https://m.media-amazon.com/images/I/71V4+CDY3TL.jpg,Lovinio,/gp/help/seller/at-a-glance.html/ref=dp_merchant_link?ie=UTF8&seller=A1PXYTJNWCR133&asin=B074PTBHGF&ref_=dp_merchant_link
B084SBXHV3,2,THE HONEST COMPANY All The Letters Size 5 Diapers,20 CT,Page 1 of 1  ,,,,,,,3,5.0 out of 5 stars,https://www.amazon.com/dp/B084SBXHV3,https://m.media-amazon.com/images/I/41fX-N2I5LL.jpg,,
B09CXS4YLR,2,The Honest Company Clean Conscious Diapers,Sled Up + Snow Much Fun,Page 1 of 1  ,,,,,,,68,4.6 out of 5 stars,https://www.amazon.com/dp/B09CXS4YLR,https://m.media-amazon.com/images/I/71+1LSZ8B7L.jpg,,
B0CKV46GD7,2,The Honest Company Clean Conscious Diapers ,Plant-Based,49.99,,,,,,,"39,874",4.6 out of 5 stars,https://www.amazon.com/dp/B0CKV46GD7,https://m.media-amazon.com/images/I/81AW6zG31AL.jpg,,
B076X24XTF,2,The Honest Company Disposable Training Pants,Fairies,10.72,26.75,,,,,,10,3.6 out of 5 stars,https://www.amazon.com/dp/B076X24XTF,https://m.media-amazon.com/images/I/91b2Yuj643L.jpg,Lovinio,/gp/help/seller/at-a-glance.html/ref=dp_merchant_link?ie=UTF8&seller=A1PXYTJNWCR133&asin=B076X24XTF&ref_=dp_merchant_link
B08BBSM8J1,2,The Honest Company Club Box Diapers with TrueAbsorb Technology,Trains & Breakfast,,,,,,,,719,4.8 out of 5 stars,https://www.amazon.com/dp/B08BBSM8J1,https://m.media-amazon.com/images/I/811EfCBb1yL.jpg,,
B074PTGMT6,2,The Honest Company Training Pants,Unicorns,64.99,,,,,,,183,4.1 out of 5 stars,https://www.amazon.com/dp/B074PTGMT6,https://m.media-amazon.com/images/I/717+xSU93nL.jpg,Lovinio,/gp/help/seller/at-a-glance.html/ref=dp_merchant_link?ie=UTF8&seller=A1PXYTJNWCR133&asin=B074PTGMT6&ref_=dp_merchant_link
B07GSH4JL7,2,The Honest Company Toddler Training Pants,Fairies,69.99,,,,,,,"3,788",4.3 out of 5 stars,https://www.amazon.com/dp/B07GSH4JL7,https://m.media-amazon.com/images/I/81+ArE-A8mL.jpg,Lovinio,/gp/help/seller/at-a-glance.html/ref=dp_merchant_link?ie=UTF8&seller=A1PXYTJNWCR133&asin=B07GSH4JL7&ref_=dp_merchant_link
B08LQBH9CM,2,The Honest Company The Honest Company Club Box Diapers with Trueabsorb Technology,Ice Ice Baby,,,,,,,,"1,389",4.7 out of 5 stars,https://www.amazon.com/dp/B08LQBH9CM,https://m.media-amazon.com/images/I/71j4drQrCiL.jpg,,
B076F6XNSF,2,The Honest Company Dish Baby Soap,Fragrance Free,Page 1 of 1  ,,,,,,,14,4.1 out of 5 stars,https://www.amazon.com/dp/B076F6XNSF,https://m.media-amazon.com/images/I/51NDmcED2ZL.jpg,,
B074PV9VQQ,2,The Honest Company Training Pants,Dinosaurs,64.99,,,,,,,183,4.1 out of 5 stars,https://www.amazon.com/dp/B074PV9VQQ,https://m.media-amazon.com/images/I/712y79VDnbL.jpg,,
B08KKKX6G7,2,The Honest Company Baby Wipes,Plaid,Page 1 of 1  ,,,,,,,61,5.0 out of 5 stars,https://www.amazon.com/dp/B08KKKX6G7,https://m.media-amazon.com/images/I/71qB76JB9eL.jpg,,
B088X21S7M,2,NthPOWER The Honest Company Truly Calming Face + Body Lotion - Lavender Essential Oils & Chamomile - 8.5 Fl Oz Pack of 2,,,,,,,,,23,4.6 out of 5 stars,https://www.amazon.com/dp/B088X21S7M,https://m.media-amazon.com/images/I/51RMqmjqh5L.jpg,,
B013IL3Y1Y,2,The Honest Company Vegan Leather City Backpack ,Diaper Bag with Changing Pad,159.95,149.99,,,,,,296,4.2 out of 5 stars,https://www.amazon.com/dp/B07RJ59HYJ,https://m.media-amazon.com/images/I/61fZKgA63sL.jpg,,
B0CKV2SN6C,2,The Honest Company Clean Conscious Diapers ,Plant-Based,29.99,,,,,,,,,https://www.amazon.com/dp/B0CKV2SN6C,https://m.media-amazon.com/images/I/81pjIGY9L1L.jpg,,
B08BBHC2LL,2,The Honest Company Club Box Diapers with TrueAbsorb Technology,Pandas & Painted Feathers,,,,,,,,"2,299",4.7 out of 5 stars,https://www.amazon.com/dp/B08BBHC2LL,https://m.media-amazon.com/images/I/71h55UsF-4L.jpg,,
B095Y7Y7X2,2,The Honest Company,Club Box,Page 1 of 1  ,,,,,,,471,4.7 out of 5 stars,https://www.amazon.com/dp/B095Y7Y7X2,https://m.media-amazon.com/images/I/71bsIFGhSyS.jpg,,
B084SBTPWZ,2,THE HONEST COMPANY Tie Dye Size 4 Diapers,23 CT,13.49,,,,,,,8,5.0 out of 5 stars,https://www.amazon.com/dp/B084SBTPWZ,https://m.media-amazon.com/images/I/41LVk0jAGsL.jpg,,
B00LPMJS5A,2,The Honest Company Honest Disposable Baby Diapers,Multi Colored Giraffes,10.99,,,,,,,59,4.2 out of 5 stars,https://www.amazon.com/dp/B00LPMJS5A,https://m.media-amazon.com/images/I/81r4zYy7jWL.jpg,,
B0CJ2KXLS1,2,The Honest Company Clean Conscious Wipes ,99% Water,9.99,,,,,,,,,https://www.amazon.com/dp/B0CJ2KXLS1,https://m.media-amazon.com/images/I/310iJ4ANFHL.jpg,Poreqpine Distributors,/gp/help/seller/at-a-glance.html/ref=dp_merchant_link?ie=UTF8&seller=A3LWVRQ1BLVWGK&asin=B0CJ2KXLS1&ref_=dp_merchant_link
B0CGVRNHW6,2,The Honest Company Clean Conscious Wipes ,99% Water,100.98,,,,,,,,,https://www.amazon.com/dp/B0CGVRNHW6,https://m.media-amazon.com/images/I/610b-HAFJmL.jpg,,
B015HTGTHQ,2,THE HONEST COMPANY Dishwasher Packs,32 CT,Page 1 of 1  ,,,,,,,28,2.9 out of 5 stars,https://www.amazon.com/dp/B015HTGTHQ,https://m.media-amazon.com/images/I/81woNFb2C+L.jpg,,
B08FMCV3XF,2,The Honest Company 100% Cotton Adult Face Masks ,Reusable,8.99,,,,,,,161,3.9 out of 5 stars,https://www.amazon.com/dp/B0C1FMGBWR,https://m.media-amazon.com/images/I/81sEH1nHE2L.jpg,,
